method,platform,N,d,Q,k,M,Ks,p,unroll,prefetch,topk,run_id,latency_ms,recall,index_size_mb,build_time_sec,coarse_ms,rerank_ms,cycles,instructions,cpi,l1_miss_rate,llc_miss_rate
Flat-Scalar-NoVec,ARM-aarch64-NEON,100000,96,100,10,0,0,0,1,0,heap,1,17.783000,1.000000,38.400000,0.000000,0.000000,0.000000,0,0,0,0,0
Flat-Scalar-NoVec,ARM-aarch64-NEON,100000,96,100,10,0,0,0,1,0,heap,2,18.006000,1.000000,38.400000,0.000000,0.000000,0.000000,0,0,0,0,0
Flat-Scalar-NoVec,ARM-aarch64-NEON,100000,96,100,10,0,0,0,1,0,heap,3,17.871000,1.000000,38.400000,0.000000,0.000000,0.000000,0,0,0,0,0
Flat-Scalar-NoVec,ARM-aarch64-NEON,100000,96,100,10,0,0,0,1,0,heap,4,17.796000,1.000000,38.400000,0.000000,0.000000,0.000000,0,0,0,0,0
Flat-Scalar-NoVec,ARM-aarch64-NEON,100000,96,100,10,0,0,0,1,0,heap,5,17.579000,1.000000,38.400000,0.000000,0.000000,0.000000,0,0,0,0,0
Flat-AutoVec,ARM-aarch64-NEON,100000,96,100,10,0,0,0,1,0,heap,1,11.290000,1.000000,38.400000,0.000000,0.000000,0.000000,0,0,0,0,0
Flat-AutoVec,ARM-aarch64-NEON,100000,96,100,10,0,0,0,1,0,heap,2,11.333000,1.000000,38.400000,0.000000,0.000000,0.000000,0,0,0,0,0
Flat-AutoVec,ARM-aarch64-NEON,100000,96,100,10,0,0,0,1,0,heap,3,11.358000,1.000000,38.400000,0.000000,0.000000,0.000000,0,0,0,0,0
Flat-AutoVec,ARM-aarch64-NEON,100000,96,100,10,0,0,0,1,0,heap,4,11.087000,1.000000,38.400000,0.000000,0.000000,0.000000,0,0,0,0,0
Flat-AutoVec,ARM-aarch64-NEON,100000,96,100,10,0,0,0,1,0,heap,5,11.296000,1.000000,38.400000,0.000000,0.000000,0.000000,0,0,0,0,0
Flat-Manual-NEON,ARM-aarch64-NEON,100000,96,100,10,0,0,0,1,0,heap,1,7.748000,1.000000,38.400000,0.000000,0.000000,0.000000,0,0,0,0,0
Flat-Manual-NEON,ARM-aarch64-NEON,100000,96,100,10,0,0,0,1,0,heap,2,7.876000,1.000000,38.400000,0.000000,0.000000,0.000000,0,0,0,0,0
Flat-Manual-NEON,ARM-aarch64-NEON,100000,96,100,10,0,0,0,1,0,heap,3,7.571000,1.000000,38.400000,0.000000,0.000000,0.000000,0,0,0,0,0
Flat-Manual-NEON,ARM-aarch64-NEON,100000,96,100,10,0,0,0,1,0,heap,4,7.655000,1.000000,38.400000,0.000000,0.000000,0.000000,0,0,0,0,0
Flat-Manual-NEON,ARM-aarch64-NEON,100000,96,100,10,0,0,0,1,0,heap,5,7.672000,1.000000,38.400000,0.000000,0.000000,0.000000,0,0,0,0,0
Flat-NEON-AlignedHint,ARM-aarch64-NEON,100000,96,100,10,0,0,0,1,0,heap,1,7.629000,1.000000,38.400000,0.000000,0.000000,0.000000,0,0,0,0,0
Flat-NEON-AlignedHint,ARM-aarch64-NEON,100000,96,100,10,0,0,0,1,0,heap,2,7.702000,1.000000,38.400000,0.000000,0.000000,0.000000,0,0,0,0,0
Flat-NEON-AlignedHint,ARM-aarch64-NEON,100000,96,100,10,0,0,0,1,0,heap,3,7.718000,1.000000,38.400000,0.000000,0.000000,0.000000,0,0,0,0,0
Flat-NEON-AlignedHint,ARM-aarch64-NEON,100000,96,100,10,0,0,0,1,0,heap,4,7.704000,1.000000,38.400000,0.000000,0.000000,0.000000,0,0,0,0,0
Flat-NEON-AlignedHint,ARM-aarch64-NEON,100000,96,100,10,0,0,0,1,0,heap,5,7.729000,1.000000,38.400000,0.000000,0.000000,0.000000,0,0,0,0,0
Flat-NEON-Unroll2,ARM-aarch64-NEON,100000,96,100,10,0,0,0,2,0,heap,1,7.669000,1.000000,38.400000,0.000000,0.000000,0.000000,0,0,0,0,0
Flat-NEON-Unroll2,ARM-aarch64-NEON,100000,96,100,10,0,0,0,2,0,heap,2,7.135000,1.000000,38.400000,0.000000,0.000000,0.000000,0,0,0,0,0
Flat-NEON-Unroll2,ARM-aarch64-NEON,100000,96,100,10,0,0,0,2,0,heap,3,6.243000,1.000000,38.400000,0.000000,0.000000,0.000000,0,0,0,0,0
Flat-NEON-Unroll2,ARM-aarch64-NEON,100000,96,100,10,0,0,0,2,0,heap,4,7.261000,1.000000,38.400000,0.000000,0.000000,0.000000,0,0,0,0,0
Flat-NEON-Unroll2,ARM-aarch64-NEON,100000,96,100,10,0,0,0,2,0,heap,5,7.384000,1.000000,38.400000,0.000000,0.000000,0.000000,0,0,0,0,0
Flat-NEON-Unroll4,ARM-aarch64-NEON,100000,96,100,10,0,0,0,4,0,heap,1,7.866000,1.000000,38.400000,0.000000,0.000000,0.000000,0,0,0,0,0
Flat-NEON-Unroll4,ARM-aarch64-NEON,100000,96,100,10,0,0,0,4,0,heap,2,7.901000,1.000000,38.400000,0.000000,0.000000,0.000000,0,0,0,0,0
Flat-NEON-Unroll4,ARM-aarch64-NEON,100000,96,100,10,0,0,0,4,0,heap,3,7.878000,1.000000,38.400000,0.000000,0.000000,0.000000,0,0,0,0,0
Flat-NEON-Unroll4,ARM-aarch64-NEON,100000,96,100,10,0,0,0,4,0,heap,4,7.866000,1.000000,38.400000,0.000000,0.000000,0.000000,0,0,0,0,0
Flat-NEON-Unroll4,ARM-aarch64-NEON,100000,96,100,10,0,0,0,4,0,heap,5,7.889000,1.000000,38.400000,0.000000,0.000000,0.000000,0,0,0,0,0
Flat-NEON-Unroll4-Prefetch,ARM-aarch64-NEON,100000,96,100,10,0,0,0,4,16,heap,1,7.414000,1.000000,38.400000,0.000000,0.000000,0.000000,0,0,0,0,0
Flat-NEON-Unroll4-Prefetch,ARM-aarch64-NEON,100000,96,100,10,0,0,0,4,16,heap,2,6.951000,1.000000,38.400000,0.000000,0.000000,0.000000,0,0,0,0,0
Flat-NEON-Unroll4-Prefetch,ARM-aarch64-NEON,100000,96,100,10,0,0,0,4,16,heap,3,7.507000,1.000000,38.400000,0.000000,0.000000,0.000000,0,0,0,0,0
Flat-NEON-Unroll4-Prefetch,ARM-aarch64-NEON,100000,96,100,10,0,0,0,4,16,heap,4,7.669000,1.000000,38.400000,0.000000,0.000000,0.000000,0,0,0,0,0
Flat-NEON-Unroll4-Prefetch,ARM-aarch64-NEON,100000,96,100,10,0,0,0,4,16,heap,5,7.649000,1.000000,38.400000,0.000000,0.000000,0.000000,0,0,0,0,0
Flat-NEON-Unroll4-Prefetch-FixedTopK,ARM-aarch64-NEON,100000,96,100,10,0,0,0,4,16,fixed-array,1,7.515000,1.000000,38.400000,0.000000,0.000000,0.000000,0,0,0,0,0
Flat-NEON-Unroll4-Prefetch-FixedTopK,ARM-aarch64-NEON,100000,96,100,10,0,0,0,4,16,fixed-array,2,7.478000,1.000000,38.400000,0.000000,0.000000,0.000000,0,0,0,0,0
Flat-NEON-Unroll4-Prefetch-FixedTopK,ARM-aarch64-NEON,100000,96,100,10,0,0,0,4,16,fixed-array,3,7.502000,1.000000,38.400000,0.000000,0.000000,0.000000,0,0,0,0,0
Flat-NEON-Unroll4-Prefetch-FixedTopK,ARM-aarch64-NEON,100000,96,100,10,0,0,0,4,16,fixed-array,4,7.178000,1.000000,38.400000,0.000000,0.000000,0.000000,0,0,0,0,0
Flat-NEON-Unroll4-Prefetch-FixedTopK,ARM-aarch64-NEON,100000,96,100,10,0,0,0,4,16,fixed-array,5,7.423000,1.000000,38.400000,0.000000,0.000000,0.000000,0,0,0,0,0
Flat-NEON-Unroll4-Prefetch-d4,ARM-aarch64-NEON,100000,96,100,10,0,0,0,4,4,heap,1,7.365000,1.000000,38.400000,0.000000,0.000000,0.000000,0,0,0,0,0
Flat-NEON-Unroll4-Prefetch-d4,ARM-aarch64-NEON,100000,96,100,10,0,0,0,4,4,heap,2,6.707000,1.000000,38.400000,0.000000,0.000000,0.000000,0,0,0,0,0
Flat-NEON-Unroll4-Prefetch-d4,ARM-aarch64-NEON,100000,96,100,10,0,0,0,4,4,heap,3,7.041000,1.000000,38.400000,0.000000,0.000000,0.000000,0,0,0,0,0
Flat-NEON-Unroll4-Prefetch-d4,ARM-aarch64-NEON,100000,96,100,10,0,0,0,4,4,heap,4,6.845000,1.000000,38.400000,0.000000,0.000000,0.000000,0,0,0,0,0
Flat-NEON-Unroll4-Prefetch-d4,ARM-aarch64-NEON,100000,96,100,10,0,0,0,4,4,heap,5,7.431000,1.000000,38.400000,0.000000,0.000000,0.000000,0,0,0,0,0
Flat-NEON-Unroll4-Prefetch-d8,ARM-aarch64-NEON,100000,96,100,10,0,0,0,4,8,heap,1,7.361000,1.000000,38.400000,0.000000,0.000000,0.000000,0,0,0,0,0
Flat-NEON-Unroll4-Prefetch-d8,ARM-aarch64-NEON,100000,96,100,10,0,0,0,4,8,heap,2,7.047000,1.000000,38.400000,0.000000,0.000000,0.000000,0,0,0,0,0
Flat-NEON-Unroll4-Prefetch-d8,ARM-aarch64-NEON,100000,96,100,10,0,0,0,4,8,heap,3,7.107000,1.000000,38.400000,0.000000,0.000000,0.000000,0,0,0,0,0
Flat-NEON-Unroll4-Prefetch-d8,ARM-aarch64-NEON,100000,96,100,10,0,0,0,4,8,heap,4,7.079000,1.000000,38.400000,0.000000,0.000000,0.000000,0,0,0,0,0
Flat-NEON-Unroll4-Prefetch-d8,ARM-aarch64-NEON,100000,96,100,10,0,0,0,4,8,heap,5,7.129000,1.000000,38.400000,0.000000,0.000000,0.000000,0,0,0,0,0
Flat-NEON-Unroll4-Prefetch-d16,ARM-aarch64-NEON,100000,96,100,10,0,0,0,4,16,heap,1,7.169000,1.000000,38.400000,0.000000,0.000000,0.000000,0,0,0,0,0
Flat-NEON-Unroll4-Prefetch-d16,ARM-aarch64-NEON,100000,96,100,10,0,0,0,4,16,heap,2,7.163000,1.000000,38.400000,0.000000,0.000000,0.000000,0,0,0,0,0
Flat-NEON-Unroll4-Prefetch-d16,ARM-aarch64-NEON,100000,96,100,10,0,0,0,4,16,heap,3,7.161000,1.000000,38.400000,0.000000,0.000000,0.000000,0,0,0,0,0
Flat-NEON-Unroll4-Prefetch-d16,ARM-aarch64-NEON,100000,96,100,10,0,0,0,4,16,heap,4,6.804000,1.000000,38.400000,0.000000,0.000000,0.000000,0,0,0,0,0
Flat-NEON-Unroll4-Prefetch-d16,ARM-aarch64-NEON,100000,96,100,10,0,0,0,4,16,heap,5,6.490000,1.000000,38.400000,0.000000,0.000000,0.000000,0,0,0,0,0
Flat-NEON-Unroll4-Prefetch-d32,ARM-aarch64-NEON,100000,96,100,10,0,0,0,4,32,heap,1,6.567000,1.000000,38.400000,0.000000,0.000000,0.000000,0,0,0,0,0
Flat-NEON-Unroll4-Prefetch-d32,ARM-aarch64-NEON,100000,96,100,10,0,0,0,4,32,heap,2,6.425000,1.000000,38.400000,0.000000,0.000000,0.000000,0,0,0,0,0
Flat-NEON-Unroll4-Prefetch-d32,ARM-aarch64-NEON,100000,96,100,10,0,0,0,4,32,heap,3,6.475000,1.000000,38.400000,0.000000,0.000000,0.000000,0,0,0,0,0
Flat-NEON-Unroll4-Prefetch-d32,ARM-aarch64-NEON,100000,96,100,10,0,0,0,4,32,heap,4,6.438000,1.000000,38.400000,0.000000,0.000000,0.000000,0,0,0,0,0
Flat-NEON-Unroll4-Prefetch-d32,ARM-aarch64-NEON,100000,96,100,10,0,0,0,4,32,heap,5,6.406000,1.000000,38.400000,0.000000,0.000000,0.000000,0,0,0,0,0
Flat-NEON-Unroll4-Prefetch-d64,ARM-aarch64-NEON,100000,96,100,10,0,0,0,4,64,heap,1,6.487000,1.000000,38.400000,0.000000,0.000000,0.000000,0,0,0,0,0
Flat-NEON-Unroll4-Prefetch-d64,ARM-aarch64-NEON,100000,96,100,10,0,0,0,4,64,heap,2,6.554000,1.000000,38.400000,0.000000,0.000000,0.000000,0,0,0,0,0
Flat-NEON-Unroll4-Prefetch-d64,ARM-aarch64-NEON,100000,96,100,10,0,0,0,4,64,heap,3,6.556000,1.000000,38.400000,0.000000,0.000000,0.000000,0,0,0,0,0
Flat-NEON-Unroll4-Prefetch-d64,ARM-aarch64-NEON,100000,96,100,10,0,0,0,4,64,heap,4,6.487000,1.000000,38.400000,0.000000,0.000000,0.000000,0,0,0,0,0
Flat-NEON-Unroll4-Prefetch-d64,ARM-aarch64-NEON,100000,96,100,10,0,0,0,4,64,heap,5,6.456000,1.000000,38.400000,0.000000,0.000000,0.000000,0,0,0,0,0
SQ8-rerank-p100,ARM-aarch64-NEON,100000,96,20,10,0,0,100,1,0,heap,1,17.086000,1.000000,9.600768,0.034948,17.043000,0.042000,0,0,0,0,0
SQ8-rerank-p100,ARM-aarch64-NEON,100000,96,20,10,0,0,100,1,0,heap,2,16.990000,1.000000,9.600768,0.034948,16.949000,0.040000,0,0,0,0,0
SQ8-rerank-p100,ARM-aarch64-NEON,100000,96,20,10,0,0,100,1,0,heap,3,17.033000,1.000000,9.600768,0.034948,16.991000,0.041000,0,0,0,0,0
SQ8-rerank-p100,ARM-aarch64-NEON,100000,96,20,10,0,0,100,1,0,heap,4,16.983000,1.000000,9.600768,0.034948,16.942000,0.040000,0,0,0,0,0
SQ8-rerank-p100,ARM-aarch64-NEON,100000,96,20,10,0,0,100,1,0,heap,5,16.949000,1.000000,9.600768,0.034948,16.907000,0.041000,0,0,0,0,0
SQ8-rerank-p200,ARM-aarch64-NEON,100000,96,20,10,0,0,200,1,0,heap,1,17.194000,1.000000,9.600768,0.034948,17.107000,0.085000,0,0,0,0,0
SQ8-rerank-p200,ARM-aarch64-NEON,100000,96,20,10,0,0,200,1,0,heap,2,17.095000,1.000000,9.600768,0.034948,17.014000,0.080000,0,0,0,0,0
SQ8-rerank-p200,ARM-aarch64-NEON,100000,96,20,10,0,0,200,1,0,heap,3,17.095000,1.000000,9.600768,0.034948,17.012000,0.081000,0,0,0,0,0
SQ8-rerank-p200,ARM-aarch64-NEON,100000,96,20,10,0,0,200,1,0,heap,4,17.217000,1.000000,9.600768,0.034948,17.131000,0.084000,0,0,0,0,0
SQ8-rerank-p200,ARM-aarch64-NEON,100000,96,20,10,0,0,200,1,0,heap,5,17.247000,1.000000,9.600768,0.034948,17.160000,0.086000,0,0,0,0,0
SQ8-rerank-p500,ARM-aarch64-NEON,100000,96,20,10,0,0,500,1,0,heap,1,17.527000,1.000000,9.600768,0.034948,17.312000,0.213000,0,0,0,0,0
SQ8-rerank-p500,ARM-aarch64-NEON,100000,96,20,10,0,0,500,1,0,heap,2,17.602000,1.000000,9.600768,0.034948,17.388000,0.213000,0,0,0,0,0
SQ8-rerank-p500,ARM-aarch64-NEON,100000,96,20,10,0,0,500,1,0,heap,3,17.554000,1.000000,9.600768,0.034948,17.336000,0.216000,0,0,0,0,0
SQ8-rerank-p500,ARM-aarch64-NEON,100000,96,20,10,0,0,500,1,0,heap,4,17.555000,1.000000,9.600768,0.034948,17.341000,0.213000,0,0,0,0,0
SQ8-rerank-p500,ARM-aarch64-NEON,100000,96,20,10,0,0,500,1,0,heap,5,17.600000,1.000000,9.600768,0.034948,17.385000,0.214000,0,0,0,0,0
SQ8-rerank-p1000,ARM-aarch64-NEON,100000,96,20,10,0,0,1000,1,0,heap,1,18.087000,1.000000,9.600768,0.034948,17.650000,0.436000,0,0,0,0,0
SQ8-rerank-p1000,ARM-aarch64-NEON,100000,96,20,10,0,0,1000,1,0,heap,2,18.073000,1.000000,9.600768,0.034948,17.640000,0.432000,0,0,0,0,0
SQ8-rerank-p1000,ARM-aarch64-NEON,100000,96,20,10,0,0,1000,1,0,heap,3,18.148000,1.000000,9.600768,0.034948,17.677000,0.470000,0,0,0,0,0
SQ8-rerank-p1000,ARM-aarch64-NEON,100000,96,20,10,0,0,1000,1,0,heap,4,17.986000,1.000000,9.600768,0.034948,17.594000,0.391000,0,0,0,0,0
SQ8-rerank-p1000,ARM-aarch64-NEON,100000,96,20,10,0,0,1000,1,0,heap,5,17.971000,1.000000,9.600768,0.034948,17.603000,0.366000,0,0,0,0,0
SQ8-rerank-p2000,ARM-aarch64-NEON,100000,96,20,10,0,0,2000,1,0,heap,1,19.271000,1.000000,9.600768,0.034948,18.366000,0.903000,0,0,0,0,0
SQ8-rerank-p2000,ARM-aarch64-NEON,100000,96,20,10,0,0,2000,1,0,heap,2,19.020000,1.000000,9.600768,0.034948,18.169000,0.850000,0,0,0,0,0
SQ8-rerank-p2000,ARM-aarch64-NEON,100000,96,20,10,0,0,2000,1,0,heap,3,18.935000,1.000000,9.600768,0.034948,18.090000,0.844000,0,0,0,0,0
SQ8-rerank-p2000,ARM-aarch64-NEON,100000,96,20,10,0,0,2000,1,0,heap,4,18.928000,1.000000,9.600768,0.034948,18.079000,0.848000,0,0,0,0,0
SQ8-rerank-p2000,ARM-aarch64-NEON,100000,96,20,10,0,0,2000,1,0,heap,5,18.915000,1.000000,9.600768,0.034948,18.066000,0.847000,0,0,0,0,0
SQ8-rerank-p5000,ARM-aarch64-NEON,100000,96,20,10,0,0,5000,1,0,heap,1,21.799000,1.000000,9.600768,0.034948,19.744000,2.054000,0,0,0,0,0
SQ8-rerank-p5000,ARM-aarch64-NEON,100000,96,20,10,0,0,5000,1,0,heap,2,21.714000,1.000000,9.600768,0.034948,19.687000,2.025000,0,0,0,0,0
SQ8-rerank-p5000,ARM-aarch64-NEON,100000,96,20,10,0,0,5000,1,0,heap,3,21.803000,1.000000,9.600768,0.034948,19.753000,2.048000,0,0,0,0,0
SQ8-rerank-p5000,ARM-aarch64-NEON,100000,96,20,10,0,0,5000,1,0,heap,4,21.759000,1.000000,9.600768,0.034948,19.735000,2.022000,0,0,0,0,0
SQ8-rerank-p5000,ARM-aarch64-NEON,100000,96,20,10,0,0,5000,1,0,heap,5,21.760000,1.000000,9.600768,0.034948,19.724000,2.034000,0,0,0,0,0
SQ8-rerank-p10000,ARM-aarch64-NEON,100000,96,20,10,0,0,10000,1,0,heap,1,25.924000,1.000000,9.600768,0.034948,21.891000,4.030000,0,0,0,0,0
SQ8-rerank-p10000,ARM-aarch64-NEON,100000,96,20,10,0,0,10000,1,0,heap,2,25.944000,1.000000,9.600768,0.034948,21.919000,4.023000,0,0,0,0,0
SQ8-rerank-p10000,ARM-aarch64-NEON,100000,96,20,10,0,0,10000,1,0,heap,3,25.862000,1.000000,9.600768,0.034948,21.861000,3.999000,0,0,0,0,0
SQ8-rerank-p10000,ARM-aarch64-NEON,100000,96,20,10,0,0,10000,1,0,heap,4,25.772000,1.000000,9.600768,0.034948,21.832000,3.938000,0,0,0,0,0
SQ8-rerank-p10000,ARM-aarch64-NEON,100000,96,20,10,0,0,10000,1,0,heap,5,25.969000,1.000000,9.600768,0.034948,21.971000,3.995000,0,0,0,0,0
SQ8-U8SIMD-rerank-p100,ARM-aarch64-NEON,100000,96,20,10,0,0,100,1,0,heap,1,2.565000,0.015000,9.600768,0.034948,2.542000,0.021000,0,0,0,0,0
SQ8-U8SIMD-rerank-p100,ARM-aarch64-NEON,100000,96,20,10,0,0,100,1,0,heap,2,2.511000,0.015000,9.600768,0.034948,2.492000,0.018000,0,0,0,0,0
SQ8-U8SIMD-rerank-p100,ARM-aarch64-NEON,100000,96,20,10,0,0,100,1,0,heap,3,2.471000,0.015000,9.600768,0.034948,2.453000,0.016000,0,0,0,0,0
SQ8-U8SIMD-rerank-p100,ARM-aarch64-NEON,100000,96,20,10,0,0,100,1,0,heap,4,2.495000,0.015000,9.600768,0.034948,2.476000,0.018000,0,0,0,0,0
SQ8-U8SIMD-rerank-p100,ARM-aarch64-NEON,100000,96,20,10,0,0,100,1,0,heap,5,2.519000,0.015000,9.600768,0.034948,2.499000,0.018000,0,0,0,0,0
SQ8-U8SIMD-rerank-p200,ARM-aarch64-NEON,100000,96,20,10,0,0,200,1,0,heap,1,2.560000,0.040000,9.600768,0.034948,2.518000,0.040000,0,0,0,0,0
SQ8-U8SIMD-rerank-p200,ARM-aarch64-NEON,100000,96,20,10,0,0,200,1,0,heap,2,2.531000,0.040000,9.600768,0.034948,2.495000,0.035000,0,0,0,0,0
SQ8-U8SIMD-rerank-p200,ARM-aarch64-NEON,100000,96,20,10,0,0,200,1,0,heap,3,2.574000,0.040000,9.600768,0.034948,2.536000,0.036000,0,0,0,0,0
SQ8-U8SIMD-rerank-p200,ARM-aarch64-NEON,100000,96,20,10,0,0,200,1,0,heap,4,2.534000,0.040000,9.600768,0.034948,2.498000,0.035000,0,0,0,0,0
SQ8-U8SIMD-rerank-p200,ARM-aarch64-NEON,100000,96,20,10,0,0,200,1,0,heap,5,2.528000,0.040000,9.600768,0.034948,2.491000,0.035000,0,0,0,0,0
SQ8-U8SIMD-rerank-p500,ARM-aarch64-NEON,100000,96,20,10,0,0,500,1,0,heap,1,3.113000,0.090000,9.600768,0.034948,3.002000,0.110000,0,0,0,0,0
SQ8-U8SIMD-rerank-p500,ARM-aarch64-NEON,100000,96,20,10,0,0,500,1,0,heap,2,2.721000,0.090000,9.600768,0.034948,2.632000,0.088000,0,0,0,0,0
SQ8-U8SIMD-rerank-p500,ARM-aarch64-NEON,100000,96,20,10,0,0,500,1,0,heap,3,2.725000,0.090000,9.600768,0.034948,2.639000,0.085000,0,0,0,0,0
SQ8-U8SIMD-rerank-p500,ARM-aarch64-NEON,100000,96,20,10,0,0,500,1,0,heap,4,2.738000,0.090000,9.600768,0.034948,2.650000,0.086000,0,0,0,0,0
SQ8-U8SIMD-rerank-p500,ARM-aarch64-NEON,100000,96,20,10,0,0,500,1,0,heap,5,2.709000,0.090000,9.600768,0.034948,2.617000,0.090000,0,0,0,0,0
SQ8-U8SIMD-rerank-p1000,ARM-aarch64-NEON,100000,96,20,10,0,0,1000,1,0,heap,1,3.086000,0.140000,9.600768,0.034948,2.885000,0.199000,0,0,0,0,0
SQ8-U8SIMD-rerank-p1000,ARM-aarch64-NEON,100000,96,20,10,0,0,1000,1,0,heap,2,3.082000,0.140000,9.600768,0.034948,2.895000,0.185000,0,0,0,0,0
SQ8-U8SIMD-rerank-p1000,ARM-aarch64-NEON,100000,96,20,10,0,0,1000,1,0,heap,3,3.093000,0.140000,9.600768,0.034948,2.902000,0.190000,0,0,0,0,0
SQ8-U8SIMD-rerank-p1000,ARM-aarch64-NEON,100000,96,20,10,0,0,1000,1,0,heap,4,3.059000,0.140000,9.600768,0.034948,2.873000,0.185000,0,0,0,0,0
SQ8-U8SIMD-rerank-p1000,ARM-aarch64-NEON,100000,96,20,10,0,0,1000,1,0,heap,5,3.089000,0.140000,9.600768,0.034948,2.905000,0.182000,0,0,0,0,0
SQ8-U8SIMD-rerank-p2000,ARM-aarch64-NEON,100000,96,20,10,0,0,2000,1,0,heap,1,3.700000,0.255000,9.600768,0.034948,3.285000,0.414000,0,0,0,0,0
SQ8-U8SIMD-rerank-p2000,ARM-aarch64-NEON,100000,96,20,10,0,0,2000,1,0,heap,2,4.175000,0.255000,9.600768,0.034948,3.697000,0.476000,0,0,0,0,0
SQ8-U8SIMD-rerank-p2000,ARM-aarch64-NEON,100000,96,20,10,0,0,2000,1,0,heap,3,4.164000,0.255000,9.600768,0.034948,3.675000,0.488000,0,0,0,0,0
SQ8-U8SIMD-rerank-p2000,ARM-aarch64-NEON,100000,96,20,10,0,0,2000,1,0,heap,4,4.145000,0.255000,9.600768,0.034948,3.665000,0.479000,0,0,0,0,0
SQ8-U8SIMD-rerank-p2000,ARM-aarch64-NEON,100000,96,20,10,0,0,2000,1,0,heap,5,4.096000,0.255000,9.600768,0.034948,3.629000,0.465000,0,0,0,0,0
SQ8-U8SIMD-rerank-p5000,ARM-aarch64-NEON,100000,96,20,10,0,0,5000,1,0,heap,1,6.042000,0.480000,9.600768,0.034948,4.720000,1.320000,0,0,0,0,0
SQ8-U8SIMD-rerank-p5000,ARM-aarch64-NEON,100000,96,20,10,0,0,5000,1,0,heap,2,5.438000,0.480000,9.600768,0.034948,4.339000,1.097000,0,0,0,0,0
SQ8-U8SIMD-rerank-p5000,ARM-aarch64-NEON,100000,96,20,10,0,0,5000,1,0,heap,3,5.509000,0.480000,9.600768,0.034948,4.381000,1.125000,0,0,0,0,0
SQ8-U8SIMD-rerank-p5000,ARM-aarch64-NEON,100000,96,20,10,0,0,5000,1,0,heap,4,5.445000,0.480000,9.600768,0.034948,4.342000,1.101000,0,0,0,0,0
SQ8-U8SIMD-rerank-p5000,ARM-aarch64-NEON,100000,96,20,10,0,0,5000,1,0,heap,5,5.412000,0.480000,9.600768,0.034948,4.333000,1.076000,0,0,0,0,0
SQ8-U8SIMD-rerank-p10000,ARM-aarch64-NEON,100000,96,20,10,0,0,10000,1,0,heap,1,8.371000,0.685000,9.600768,0.034948,5.737000,2.631000,0,0,0,0,0
SQ8-U8SIMD-rerank-p10000,ARM-aarch64-NEON,100000,96,20,10,0,0,10000,1,0,heap,2,8.760000,0.685000,9.600768,0.034948,5.810000,2.947000,0,0,0,0,0
SQ8-U8SIMD-rerank-p10000,ARM-aarch64-NEON,100000,96,20,10,0,0,10000,1,0,heap,3,8.667000,0.685000,9.600768,0.034948,5.837000,2.827000,0,0,0,0,0
SQ8-U8SIMD-rerank-p10000,ARM-aarch64-NEON,100000,96,20,10,0,0,10000,1,0,heap,4,8.409000,0.685000,9.600768,0.034948,5.761000,2.645000,0,0,0,0,0
SQ8-U8SIMD-rerank-p10000,ARM-aarch64-NEON,100000,96,20,10,0,0,10000,1,0,heap,5,8.922000,0.685000,9.600768,0.034948,5.857000,3.061000,0,0,0,0,0
PQ-ADC-M8-p100,ARM-aarch64-NEON,100000,96,20,10,8,256,100,1,0,heap,1,1.326000,0.650000,0.898304,1.095855,1.291000,0.034000,0,0,0,0,0
PQ-ADC-M8-p100,ARM-aarch64-NEON,100000,96,20,10,8,256,100,1,0,heap,2,1.319000,0.650000,0.898304,1.095855,1.291000,0.027000,0,0,0,0,0
PQ-ADC-M8-p100,ARM-aarch64-NEON,100000,96,20,10,8,256,100,1,0,heap,3,1.313000,0.650000,0.898304,1.095855,1.285000,0.027000,0,0,0,0,0
PQ-ADC-M8-p100,ARM-aarch64-NEON,100000,96,20,10,8,256,100,1,0,heap,4,1.315000,0.650000,0.898304,1.095855,1.289000,0.026000,0,0,0,0,0
PQ-ADC-M8-p100,ARM-aarch64-NEON,100000,96,20,10,8,256,100,1,0,heap,5,1.317000,0.650000,0.898304,1.095855,1.293000,0.023000,0,0,0,0,0
PQ-ADC-M8-p500,ARM-aarch64-NEON,100000,96,20,10,8,256,500,1,0,heap,1,1.713000,0.930000,0.898304,1.095855,1.547000,0.165000,0,0,0,0,0
PQ-ADC-M8-p500,ARM-aarch64-NEON,100000,96,20,10,8,256,500,1,0,heap,2,1.671000,0.930000,0.898304,1.095855,1.549000,0.120000,0,0,0,0,0
PQ-ADC-M8-p500,ARM-aarch64-NEON,100000,96,20,10,8,256,500,1,0,heap,3,1.662000,0.930000,0.898304,1.095855,1.543000,0.119000,0,0,0,0,0
PQ-ADC-M8-p500,ARM-aarch64-NEON,100000,96,20,10,8,256,500,1,0,heap,4,1.666000,0.930000,0.898304,1.095855,1.546000,0.119000,0,0,0,0,0
PQ-ADC-M8-p500,ARM-aarch64-NEON,100000,96,20,10,8,256,500,1,0,heap,5,1.662000,0.930000,0.898304,1.095855,1.551000,0.111000,0,0,0,0,0
PQ-ADC-M8-p1000,ARM-aarch64-NEON,100000,96,20,10,8,256,1000,1,0,heap,1,2.129000,0.970000,0.898304,1.095855,1.827000,0.301000,0,0,0,0,0
PQ-ADC-M8-p1000,ARM-aarch64-NEON,100000,96,20,10,8,256,1000,1,0,heap,2,2.150000,0.970000,0.898304,1.095855,1.830000,0.319000,0,0,0,0,0
PQ-ADC-M8-p1000,ARM-aarch64-NEON,100000,96,20,10,8,256,1000,1,0,heap,3,2.130000,0.970000,0.898304,1.095855,1.834000,0.295000,0,0,0,0,0
PQ-ADC-M8-p1000,ARM-aarch64-NEON,100000,96,20,10,8,256,1000,1,0,heap,4,2.096000,0.970000,0.898304,1.095855,1.829000,0.267000,0,0,0,0,0
PQ-ADC-M8-p1000,ARM-aarch64-NEON,100000,96,20,10,8,256,1000,1,0,heap,5,2.103000,0.970000,0.898304,1.095855,1.835000,0.266000,0,0,0,0,0
PQ-ADC-M8-p2000,ARM-aarch64-NEON,100000,96,20,10,8,256,2000,1,0,heap,1,2.960000,0.995000,0.898304,1.095855,2.303000,0.656000,0,0,0,0,0
PQ-ADC-M8-p2000,ARM-aarch64-NEON,100000,96,20,10,8,256,2000,1,0,heap,2,2.954000,0.995000,0.898304,1.095855,2.303000,0.649000,0,0,0,0,0
PQ-ADC-M8-p2000,ARM-aarch64-NEON,100000,96,20,10,8,256,2000,1,0,heap,3,2.945000,0.995000,0.898304,1.095855,2.319000,0.624000,0,0,0,0,0
PQ-ADC-M8-p2000,ARM-aarch64-NEON,100000,96,20,10,8,256,2000,1,0,heap,4,2.946000,0.995000,0.898304,1.095855,2.315000,0.630000,0,0,0,0,0
PQ-ADC-M8-p2000,ARM-aarch64-NEON,100000,96,20,10,8,256,2000,1,0,heap,5,2.948000,0.995000,0.898304,1.095855,2.314000,0.633000,0,0,0,0,0
PQ-ADC-M8-p5000,ARM-aarch64-NEON,100000,96,20,10,8,256,5000,1,0,heap,1,4.982000,1.000000,0.898304,1.095855,3.409000,1.571000,0,0,0,0,0
PQ-ADC-M8-p5000,ARM-aarch64-NEON,100000,96,20,10,8,256,5000,1,0,heap,2,4.984000,1.000000,0.898304,1.095855,3.424000,1.559000,0,0,0,0,0
PQ-ADC-M8-p5000,ARM-aarch64-NEON,100000,96,20,10,8,256,5000,1,0,heap,3,5.050000,1.000000,0.898304,1.095855,3.435000,1.614000,0,0,0,0,0
PQ-ADC-M8-p5000,ARM-aarch64-NEON,100000,96,20,10,8,256,5000,1,0,heap,4,5.050000,1.000000,0.898304,1.095855,3.447000,1.601000,0,0,0,0,0
PQ-ADC-M8-p5000,ARM-aarch64-NEON,100000,96,20,10,8,256,5000,1,0,heap,5,5.081000,1.000000,0.898304,1.095855,3.450000,1.630000,0,0,0,0,0
PQ-SDC-M8-coarse,ARM-aarch64-NEON,100000,96,20,10,8,256,0,1,0,coarse-only,1,2.033000,0.160000,0.898304,1.095855,2.031000,0.000000,0,0,0,0,0
PQ-SDC-M8-coarse,ARM-aarch64-NEON,100000,96,20,10,8,256,0,1,0,coarse-only,2,2.013000,0.160000,0.898304,1.095855,2.012000,0.000000,0,0,0,0,0
PQ-SDC-M8-coarse,ARM-aarch64-NEON,100000,96,20,10,8,256,0,1,0,coarse-only,3,2.013000,0.160000,0.898304,1.095855,2.012000,0.000000,0,0,0,0,0
PQ-SDC-M8-coarse,ARM-aarch64-NEON,100000,96,20,10,8,256,0,1,0,coarse-only,4,2.012000,0.160000,0.898304,1.095855,2.011000,0.000000,0,0,0,0,0
PQ-SDC-M8-coarse,ARM-aarch64-NEON,100000,96,20,10,8,256,0,1,0,coarse-only,5,2.012000,0.160000,0.898304,1.095855,2.010000,0.000000,0,0,0,0,0
PQ-SDC-M8-p100,ARM-aarch64-NEON,100000,96,20,10,8,256,100,1,0,nth-rerank,1,2.048000,0.455000,0.898304,1.095855,2.019000,0.028000,0,0,0,0,0
PQ-SDC-M8-p100,ARM-aarch64-NEON,100000,96,20,10,8,256,100,1,0,nth-rerank,2,2.054000,0.455000,0.898304,1.095855,2.031000,0.022000,0,0,0,0,0
PQ-SDC-M8-p100,ARM-aarch64-NEON,100000,96,20,10,8,256,100,1,0,nth-rerank,3,2.032000,0.455000,0.898304,1.095855,2.013000,0.018000,0,0,0,0,0
PQ-SDC-M8-p100,ARM-aarch64-NEON,100000,96,20,10,8,256,100,1,0,nth-rerank,4,2.033000,0.455000,0.898304,1.095855,2.014000,0.018000,0,0,0,0,0
PQ-SDC-M8-p100,ARM-aarch64-NEON,100000,96,20,10,8,256,100,1,0,nth-rerank,5,2.037000,0.455000,0.898304,1.095855,2.018000,0.018000,0,0,0,0,0
PQ-SDC-M8-p500,ARM-aarch64-NEON,100000,96,20,10,8,256,500,1,0,nth-rerank,1,2.149000,0.705000,0.898304,1.095855,2.037000,0.111000,0,0,0,0,0
PQ-SDC-M8-p500,ARM-aarch64-NEON,100000,96,20,10,8,256,500,1,0,nth-rerank,2,2.140000,0.705000,0.898304,1.095855,2.041000,0.098000,0,0,0,0,0
PQ-SDC-M8-p500,ARM-aarch64-NEON,100000,96,20,10,8,256,500,1,0,nth-rerank,3,2.126000,0.705000,0.898304,1.095855,2.036000,0.089000,0,0,0,0,0
PQ-SDC-M8-p500,ARM-aarch64-NEON,100000,96,20,10,8,256,500,1,0,nth-rerank,4,2.125000,0.705000,0.898304,1.095855,2.030000,0.094000,0,0,0,0,0
PQ-SDC-M8-p500,ARM-aarch64-NEON,100000,96,20,10,8,256,500,1,0,nth-rerank,5,2.127000,0.705000,0.898304,1.095855,2.028000,0.099000,0,0,0,0,0
PQ-SDC-M8-p1000,ARM-aarch64-NEON,100000,96,20,10,8,256,1000,1,0,nth-rerank,1,2.245000,0.815000,0.898304,1.095855,2.038000,0.205000,0,0,0,0,0
PQ-SDC-M8-p1000,ARM-aarch64-NEON,100000,96,20,10,8,256,1000,1,0,nth-rerank,2,2.254000,0.815000,0.898304,1.095855,2.051000,0.202000,0,0,0,0,0
PQ-SDC-M8-p1000,ARM-aarch64-NEON,100000,96,20,10,8,256,1000,1,0,nth-rerank,3,2.231000,0.815000,0.898304,1.095855,2.043000,0.187000,0,0,0,0,0
PQ-SDC-M8-p1000,ARM-aarch64-NEON,100000,96,20,10,8,256,1000,1,0,nth-rerank,4,2.229000,0.815000,0.898304,1.095855,2.038000,0.190000,0,0,0,0,0
PQ-SDC-M8-p1000,ARM-aarch64-NEON,100000,96,20,10,8,256,1000,1,0,nth-rerank,5,2.229000,0.815000,0.898304,1.095855,2.037000,0.191000,0,0,0,0,0
PQ-SDC-M8-p2000,ARM-aarch64-NEON,100000,96,20,10,8,256,2000,1,0,nth-rerank,1,2.446000,0.925000,0.898304,1.095855,2.056000,0.388000,0,0,0,0,0
PQ-SDC-M8-p2000,ARM-aarch64-NEON,100000,96,20,10,8,256,2000,1,0,nth-rerank,2,2.453000,0.925000,0.898304,1.095855,2.056000,0.396000,0,0,0,0,0
PQ-SDC-M8-p2000,ARM-aarch64-NEON,100000,96,20,10,8,256,2000,1,0,nth-rerank,3,2.433000,0.925000,0.898304,1.095855,2.056000,0.376000,0,0,0,0,0
PQ-SDC-M8-p2000,ARM-aarch64-NEON,100000,96,20,10,8,256,2000,1,0,nth-rerank,4,2.441000,0.925000,0.898304,1.095855,2.056000,0.383000,0,0,0,0,0
PQ-SDC-M8-p2000,ARM-aarch64-NEON,100000,96,20,10,8,256,2000,1,0,nth-rerank,5,2.442000,0.925000,0.898304,1.095855,2.064000,0.377000,0,0,0,0,0
PQ-SDC-M8-p5000,ARM-aarch64-NEON,100000,96,20,10,8,256,5000,1,0,nth-rerank,1,3.021000,0.975000,0.898304,1.095855,2.109000,0.911000,0,0,0,0,0
PQ-SDC-M8-p5000,ARM-aarch64-NEON,100000,96,20,10,8,256,5000,1,0,nth-rerank,2,3.001000,0.975000,0.898304,1.095855,2.113000,0.886000,0,0,0,0,0
PQ-SDC-M8-p5000,ARM-aarch64-NEON,100000,96,20,10,8,256,5000,1,0,nth-rerank,3,3.105000,0.975000,0.898304,1.095855,2.130000,0.974000,0,0,0,0,0
PQ-SDC-M8-p5000,ARM-aarch64-NEON,100000,96,20,10,8,256,5000,1,0,nth-rerank,4,3.031000,0.975000,0.898304,1.095855,2.109000,0.921000,0,0,0,0,0
PQ-SDC-M8-p5000,ARM-aarch64-NEON,100000,96,20,10,8,256,5000,1,0,nth-rerank,5,3.025000,0.975000,0.898304,1.095855,2.114000,0.910000,0,0,0,0,0
PQ-ADC-M12-p100,ARM-aarch64-NEON,100000,96,20,10,12,256,100,1,0,heap,1,1.848000,0.810000,1.298304,1.095943,1.814000,0.034000,0,0,0,0,0
PQ-ADC-M12-p100,ARM-aarch64-NEON,100000,96,20,10,12,256,100,1,0,heap,2,1.840000,0.810000,1.298304,1.095943,1.810000,0.030000,0,0,0,0,0
PQ-ADC-M12-p100,ARM-aarch64-NEON,100000,96,20,10,12,256,100,1,0,heap,3,1.842000,0.810000,1.298304,1.095943,1.810000,0.031000,0,0,0,0,0
PQ-ADC-M12-p100,ARM-aarch64-NEON,100000,96,20,10,12,256,100,1,0,heap,4,1.848000,0.810000,1.298304,1.095943,1.815000,0.031000,0,0,0,0,0
PQ-ADC-M12-p100,ARM-aarch64-NEON,100000,96,20,10,12,256,100,1,0,heap,5,1.841000,0.810000,1.298304,1.095943,1.809000,0.032000,0,0,0,0,0
PQ-ADC-M12-p500,ARM-aarch64-NEON,100000,96,20,10,12,256,500,1,0,heap,1,2.271000,0.950000,1.298304,1.095943,2.101000,0.169000,0,0,0,0,0
PQ-ADC-M12-p500,ARM-aarch64-NEON,100000,96,20,10,12,256,500,1,0,heap,2,2.265000,0.950000,1.298304,1.095943,2.107000,0.157000,0,0,0,0,0
PQ-ADC-M12-p500,ARM-aarch64-NEON,100000,96,20,10,12,256,500,1,0,heap,3,2.268000,0.950000,1.298304,1.095943,2.113000,0.154000,0,0,0,0,0
PQ-ADC-M12-p500,ARM-aarch64-NEON,100000,96,20,10,12,256,500,1,0,heap,4,2.270000,0.950000,1.298304,1.095943,2.108000,0.161000,0,0,0,0,0
PQ-ADC-M12-p500,ARM-aarch64-NEON,100000,96,20,10,12,256,500,1,0,heap,5,2.254000,0.950000,1.298304,1.095943,2.096000,0.157000,0,0,0,0,0
PQ-ADC-M12-p1000,ARM-aarch64-NEON,100000,96,20,10,12,256,1000,1,0,heap,1,2.767000,0.980000,1.298304,1.095943,2.421000,0.344000,0,0,0,0,0
PQ-ADC-M12-p1000,ARM-aarch64-NEON,100000,96,20,10,12,256,1000,1,0,heap,2,2.739000,0.980000,1.298304,1.095943,2.427000,0.312000,0,0,0,0,0
PQ-ADC-M12-p1000,ARM-aarch64-NEON,100000,96,20,10,12,256,1000,1,0,heap,3,2.727000,0.980000,1.298304,1.095943,2.425000,0.301000,0,0,0,0,0
PQ-ADC-M12-p1000,ARM-aarch64-NEON,100000,96,20,10,12,256,1000,1,0,heap,4,2.708000,0.980000,1.298304,1.095943,2.416000,0.291000,0,0,0,0,0
PQ-ADC-M12-p1000,ARM-aarch64-NEON,100000,96,20,10,12,256,1000,1,0,heap,5,2.723000,0.980000,1.298304,1.095943,2.427000,0.295000,0,0,0,0,0
PQ-ADC-M12-p2000,ARM-aarch64-NEON,100000,96,20,10,12,256,2000,1,0,heap,1,3.642000,1.000000,1.298304,1.095943,2.936000,0.705000,0,0,0,0,0
PQ-ADC-M12-p2000,ARM-aarch64-NEON,100000,96,20,10,12,256,2000,1,0,heap,2,3.644000,1.000000,1.298304,1.095943,2.923000,0.720000,0,0,0,0,0
PQ-ADC-M12-p2000,ARM-aarch64-NEON,100000,96,20,10,12,256,2000,1,0,heap,3,3.622000,1.000000,1.298304,1.095943,2.907000,0.714000,0,0,0,0,0
PQ-ADC-M12-p2000,ARM-aarch64-NEON,100000,96,20,10,12,256,2000,1,0,heap,4,3.664000,1.000000,1.298304,1.095943,2.938000,0.725000,0,0,0,0,0
PQ-ADC-M12-p2000,ARM-aarch64-NEON,100000,96,20,10,12,256,2000,1,0,heap,5,3.678000,1.000000,1.298304,1.095943,2.949000,0.728000,0,0,0,0,0
PQ-ADC-M12-p5000,ARM-aarch64-NEON,100000,96,20,10,12,256,5000,1,0,heap,1,5.894000,1.000000,1.298304,1.095943,4.101000,1.792000,0,0,0,0,0
PQ-ADC-M12-p5000,ARM-aarch64-NEON,100000,96,20,10,12,256,5000,1,0,heap,2,5.873000,1.000000,1.298304,1.095943,4.117000,1.754000,0,0,0,0,0
PQ-ADC-M12-p5000,ARM-aarch64-NEON,100000,96,20,10,12,256,5000,1,0,heap,3,5.817000,1.000000,1.298304,1.095943,4.113000,1.703000,0,0,0,0,0
PQ-ADC-M12-p5000,ARM-aarch64-NEON,100000,96,20,10,12,256,5000,1,0,heap,4,5.819000,1.000000,1.298304,1.095943,4.126000,1.692000,0,0,0,0,0
PQ-ADC-M12-p5000,ARM-aarch64-NEON,100000,96,20,10,12,256,5000,1,0,heap,5,5.866000,1.000000,1.298304,1.095943,4.138000,1.727000,0,0,0,0,0
PQ-SDC-M12-coarse,ARM-aarch64-NEON,100000,96,20,10,12,256,0,1,0,coarse-only,1,2.773000,0.255000,1.298304,1.095943,2.772000,0.000000,0,0,0,0,0
PQ-SDC-M12-coarse,ARM-aarch64-NEON,100000,96,20,10,12,256,0,1,0,coarse-only,2,2.750000,0.255000,1.298304,1.095943,2.749000,0.000000,0,0,0,0,0
PQ-SDC-M12-coarse,ARM-aarch64-NEON,100000,96,20,10,12,256,0,1,0,coarse-only,3,2.775000,0.255000,1.298304,1.095943,2.773000,0.000000,0,0,0,0,0
PQ-SDC-M12-coarse,ARM-aarch64-NEON,100000,96,20,10,12,256,0,1,0,coarse-only,4,2.746000,0.255000,1.298304,1.095943,2.744000,0.000000,0,0,0,0,0
PQ-SDC-M12-coarse,ARM-aarch64-NEON,100000,96,20,10,12,256,0,1,0,coarse-only,5,2.745000,0.255000,1.298304,1.095943,2.744000,0.000000,0,0,0,0,0
PQ-SDC-M12-p100,ARM-aarch64-NEON,100000,96,20,10,12,256,100,1,0,nth-rerank,1,2.791000,0.670000,1.298304,1.095943,2.761000,0.029000,0,0,0,0,0
PQ-SDC-M12-p100,ARM-aarch64-NEON,100000,96,20,10,12,256,100,1,0,nth-rerank,2,2.772000,0.670000,1.298304,1.095943,2.744000,0.028000,0,0,0,0,0
PQ-SDC-M12-p100,ARM-aarch64-NEON,100000,96,20,10,12,256,100,1,0,nth-rerank,3,2.770000,0.670000,1.298304,1.095943,2.741000,0.028000,0,0,0,0,0
PQ-SDC-M12-p100,ARM-aarch64-NEON,100000,96,20,10,12,256,100,1,0,nth-rerank,4,2.770000,0.670000,1.298304,1.095943,2.741000,0.028000,0,0,0,0,0
PQ-SDC-M12-p100,ARM-aarch64-NEON,100000,96,20,10,12,256,100,1,0,nth-rerank,5,2.775000,0.670000,1.298304,1.095943,2.747000,0.027000,0,0,0,0,0
PQ-SDC-M12-p500,ARM-aarch64-NEON,100000,96,20,10,12,256,500,1,0,nth-rerank,1,2.889000,0.885000,1.298304,1.095943,2.762000,0.126000,0,0,0,0,0
PQ-SDC-M12-p500,ARM-aarch64-NEON,100000,96,20,10,12,256,500,1,0,nth-rerank,2,2.874000,0.885000,1.298304,1.095943,2.754000,0.119000,0,0,0,0,0
PQ-SDC-M12-p500,ARM-aarch64-NEON,100000,96,20,10,12,256,500,1,0,nth-rerank,3,2.874000,0.885000,1.298304,1.095943,2.753000,0.119000,0,0,0,0,0
PQ-SDC-M12-p500,ARM-aarch64-NEON,100000,96,20,10,12,256,500,1,0,nth-rerank,4,2.869000,0.885000,1.298304,1.095943,2.751000,0.117000,0,0,0,0,0
PQ-SDC-M12-p500,ARM-aarch64-NEON,100000,96,20,10,12,256,500,1,0,nth-rerank,5,2.869000,0.885000,1.298304,1.095943,2.751000,0.117000,0,0,0,0,0
PQ-SDC-M12-p1000,ARM-aarch64-NEON,100000,96,20,10,12,256,1000,1,0,nth-rerank,1,2.986000,0.920000,1.298304,1.095943,2.758000,0.226000,0,0,0,0,0
PQ-SDC-M12-p1000,ARM-aarch64-NEON,100000,96,20,10,12,256,1000,1,0,nth-rerank,2,2.999000,0.920000,1.298304,1.095943,2.770000,0.228000,0,0,0,0,0
PQ-SDC-M12-p1000,ARM-aarch64-NEON,100000,96,20,10,12,256,1000,1,0,nth-rerank,3,2.991000,0.920000,1.298304,1.095943,2.763000,0.227000,0,0,0,0,0
PQ-SDC-M12-p1000,ARM-aarch64-NEON,100000,96,20,10,12,256,1000,1,0,nth-rerank,4,2.983000,0.920000,1.298304,1.095943,2.760000,0.220000,0,0,0,0,0
PQ-SDC-M12-p1000,ARM-aarch64-NEON,100000,96,20,10,12,256,1000,1,0,nth-rerank,5,2.983000,0.920000,1.298304,1.095943,2.764000,0.218000,0,0,0,0,0
PQ-SDC-M12-p2000,ARM-aarch64-NEON,100000,96,20,10,12,256,2000,1,0,nth-rerank,1,3.246000,0.965000,1.298304,1.095943,2.793000,0.452000,0,0,0,0,0
PQ-SDC-M12-p2000,ARM-aarch64-NEON,100000,96,20,10,12,256,2000,1,0,nth-rerank,2,3.218000,0.965000,1.298304,1.095943,2.781000,0.435000,0,0,0,0,0
PQ-SDC-M12-p2000,ARM-aarch64-NEON,100000,96,20,10,12,256,2000,1,0,nth-rerank,3,3.223000,0.965000,1.298304,1.095943,2.788000,0.435000,0,0,0,0,0
PQ-SDC-M12-p2000,ARM-aarch64-NEON,100000,96,20,10,12,256,2000,1,0,nth-rerank,4,3.225000,0.965000,1.298304,1.095943,2.787000,0.436000,0,0,0,0,0
PQ-SDC-M12-p2000,ARM-aarch64-NEON,100000,96,20,10,12,256,2000,1,0,nth-rerank,5,3.220000,0.965000,1.298304,1.095943,2.792000,0.427000,0,0,0,0,0
PQ-SDC-M12-p5000,ARM-aarch64-NEON,100000,96,20,10,12,256,5000,1,0,nth-rerank,1,3.832000,0.995000,1.298304,1.095943,2.874000,0.957000,0,0,0,0,0
PQ-SDC-M12-p5000,ARM-aarch64-NEON,100000,96,20,10,12,256,5000,1,0,nth-rerank,2,3.901000,0.995000,1.298304,1.095943,2.882000,1.018000,0,0,0,0,0
PQ-SDC-M12-p5000,ARM-aarch64-NEON,100000,96,20,10,12,256,5000,1,0,nth-rerank,3,3.834000,0.995000,1.298304,1.095943,2.865000,0.967000,0,0,0,0,0
PQ-SDC-M12-p5000,ARM-aarch64-NEON,100000,96,20,10,12,256,5000,1,0,nth-rerank,4,3.813000,0.995000,1.298304,1.095943,2.860000,0.952000,0,0,0,0,0
PQ-SDC-M12-p5000,ARM-aarch64-NEON,100000,96,20,10,12,256,5000,1,0,nth-rerank,5,3.811000,0.995000,1.298304,1.095943,2.862000,0.948000,0,0,0,0,0
PQ-ADC-M16-p100,ARM-aarch64-NEON,100000,96,20,10,16,256,100,1,0,heap,1,2.572000,0.900000,1.698304,1.091390,2.537000,0.034000,0,0,0,0,0
PQ-ADC-M16-p100,ARM-aarch64-NEON,100000,96,20,10,16,256,100,1,0,heap,2,2.561000,0.900000,1.698304,1.091390,2.529000,0.031000,0,0,0,0,0
PQ-ADC-M16-p100,ARM-aarch64-NEON,100000,96,20,10,16,256,100,1,0,heap,3,2.560000,0.900000,1.698304,1.091390,2.528000,0.031000,0,0,0,0,0
PQ-ADC-M16-p100,ARM-aarch64-NEON,100000,96,20,10,16,256,100,1,0,heap,4,2.563000,0.900000,1.698304,1.091390,2.531000,0.032000,0,0,0,0,0
PQ-ADC-M16-p100,ARM-aarch64-NEON,100000,96,20,10,16,256,100,1,0,heap,5,2.566000,0.900000,1.698304,1.091390,2.535000,0.031000,0,0,0,0,0
PQ-ADC-M16-p500,ARM-aarch64-NEON,100000,96,20,10,16,256,500,1,0,heap,1,2.999000,1.000000,1.698304,1.091390,2.819000,0.180000,0,0,0,0,0
PQ-ADC-M16-p500,ARM-aarch64-NEON,100000,96,20,10,16,256,500,1,0,heap,2,3.119000,1.000000,1.698304,1.091390,2.926000,0.192000,0,0,0,0,0
PQ-ADC-M16-p500,ARM-aarch64-NEON,100000,96,20,10,16,256,500,1,0,heap,3,3.008000,1.000000,1.698304,1.091390,2.851000,0.156000,0,0,0,0,0
PQ-ADC-M16-p500,ARM-aarch64-NEON,100000,96,20,10,16,256,500,1,0,heap,4,2.949000,1.000000,1.698304,1.091390,2.851000,0.096000,0,0,0,0,0
PQ-ADC-M16-p500,ARM-aarch64-NEON,100000,96,20,10,16,256,500,1,0,heap,5,2.943000,1.000000,1.698304,1.091390,2.851000,0.092000,0,0,0,0,0
PQ-ADC-M16-p1000,ARM-aarch64-NEON,100000,96,20,10,16,256,1000,1,0,heap,1,3.483000,1.000000,1.698304,1.091390,3.191000,0.291000,0,0,0,0,0
PQ-ADC-M16-p1000,ARM-aarch64-NEON,100000,96,20,10,16,256,1000,1,0,heap,2,3.408000,1.000000,1.698304,1.091390,3.191000,0.216000,0,0,0,0,0
PQ-ADC-M16-p1000,ARM-aarch64-NEON,100000,96,20,10,16,256,1000,1,0,heap,3,3.386000,1.000000,1.698304,1.091390,3.188000,0.197000,0,0,0,0,0
PQ-ADC-M16-p1000,ARM-aarch64-NEON,100000,96,20,10,16,256,1000,1,0,heap,4,3.382000,1.000000,1.698304,1.091390,3.189000,0.192000,0,0,0,0,0
PQ-ADC-M16-p1000,ARM-aarch64-NEON,100000,96,20,10,16,256,1000,1,0,heap,5,3.385000,1.000000,1.698304,1.091390,3.191000,0.193000,0,0,0,0,0
PQ-ADC-M16-p2000,ARM-aarch64-NEON,100000,96,20,10,16,256,2000,1,0,heap,1,4.276000,1.000000,1.698304,1.091390,3.695000,0.579000,0,0,0,0,0
PQ-ADC-M16-p2000,ARM-aarch64-NEON,100000,96,20,10,16,256,2000,1,0,heap,2,4.178000,1.000000,1.698304,1.091390,3.693000,0.484000,0,0,0,0,0
PQ-ADC-M16-p2000,ARM-aarch64-NEON,100000,96,20,10,16,256,2000,1,0,heap,3,4.146000,1.000000,1.698304,1.091390,3.692000,0.453000,0,0,0,0,0
PQ-ADC-M16-p2000,ARM-aarch64-NEON,100000,96,20,10,16,256,2000,1,0,heap,4,4.153000,1.000000,1.698304,1.091390,3.692000,0.460000,0,0,0,0,0
PQ-ADC-M16-p2000,ARM-aarch64-NEON,100000,96,20,10,16,256,2000,1,0,heap,5,4.148000,1.000000,1.698304,1.091390,3.694000,0.453000,0,0,0,0,0
PQ-ADC-M16-p5000,ARM-aarch64-NEON,100000,96,20,10,16,256,5000,1,0,heap,1,6.336000,1.000000,1.698304,1.091390,4.808000,1.526000,0,0,0,0,0
PQ-ADC-M16-p5000,ARM-aarch64-NEON,100000,96,20,10,16,256,5000,1,0,heap,2,6.273000,1.000000,1.698304,1.091390,4.806000,1.465000,0,0,0,0,0
PQ-ADC-M16-p5000,ARM-aarch64-NEON,100000,96,20,10,16,256,5000,1,0,heap,3,6.327000,1.000000,1.698304,1.091390,4.816000,1.509000,0,0,0,0,0
PQ-ADC-M16-p5000,ARM-aarch64-NEON,100000,96,20,10,16,256,5000,1,0,heap,4,6.279000,1.000000,1.698304,1.091390,4.805000,1.473000,0,0,0,0,0
PQ-ADC-M16-p5000,ARM-aarch64-NEON,100000,96,20,10,16,256,5000,1,0,heap,5,6.336000,1.000000,1.698304,1.091390,4.863000,1.471000,0,0,0,0,0
PQ-SDC-M16-coarse,ARM-aarch64-NEON,100000,96,20,10,16,256,0,1,0,coarse-only,1,3.504000,0.300000,1.698304,1.091390,3.501000,0.000000,0,0,0,0,0
PQ-SDC-M16-coarse,ARM-aarch64-NEON,100000,96,20,10,16,256,0,1,0,coarse-only,2,3.444000,0.300000,1.698304,1.091390,3.442000,0.000000,0,0,0,0,0
PQ-SDC-M16-coarse,ARM-aarch64-NEON,100000,96,20,10,16,256,0,1,0,coarse-only,3,3.396000,0.300000,1.698304,1.091390,3.394000,0.000000,0,0,0,0,0
PQ-SDC-M16-coarse,ARM-aarch64-NEON,100000,96,20,10,16,256,0,1,0,coarse-only,4,3.391000,0.300000,1.698304,1.091390,3.389000,0.000000,0,0,0,0,0
PQ-SDC-M16-coarse,ARM-aarch64-NEON,100000,96,20,10,16,256,0,1,0,coarse-only,5,3.411000,0.300000,1.698304,1.091390,3.409000,0.000000,0,0,0,0,0
PQ-SDC-M16-p100,ARM-aarch64-NEON,100000,96,20,10,16,256,100,1,0,nth-rerank,1,3.440000,0.795000,1.698304,1.091390,3.408000,0.031000,0,0,0,0,0
PQ-SDC-M16-p100,ARM-aarch64-NEON,100000,96,20,10,16,256,100,1,0,nth-rerank,2,3.433000,0.795000,1.698304,1.091390,3.404000,0.027000,0,0,0,0,0
PQ-SDC-M16-p100,ARM-aarch64-NEON,100000,96,20,10,16,256,100,1,0,nth-rerank,3,3.430000,0.795000,1.698304,1.091390,3.402000,0.028000,0,0,0,0,0
PQ-SDC-M16-p100,ARM-aarch64-NEON,100000,96,20,10,16,256,100,1,0,nth-rerank,4,3.425000,0.795000,1.698304,1.091390,3.399000,0.025000,0,0,0,0,0
PQ-SDC-M16-p100,ARM-aarch64-NEON,100000,96,20,10,16,256,100,1,0,nth-rerank,5,3.425000,0.795000,1.698304,1.091390,3.401000,0.023000,0,0,0,0,0
PQ-SDC-M16-p500,ARM-aarch64-NEON,100000,96,20,10,16,256,500,1,0,nth-rerank,1,3.537000,0.965000,1.698304,1.091390,3.413000,0.123000,0,0,0,0,0
PQ-SDC-M16-p500,ARM-aarch64-NEON,100000,96,20,10,16,256,500,1,0,nth-rerank,2,3.544000,0.965000,1.698304,1.091390,3.421000,0.122000,0,0,0,0,0
PQ-SDC-M16-p500,ARM-aarch64-NEON,100000,96,20,10,16,256,500,1,0,nth-rerank,3,3.543000,0.965000,1.698304,1.091390,3.422000,0.120000,0,0,0,0,0
PQ-SDC-M16-p500,ARM-aarch64-NEON,100000,96,20,10,16,256,500,1,0,nth-rerank,4,3.537000,0.965000,1.698304,1.091390,3.415000,0.121000,0,0,0,0,0
PQ-SDC-M16-p500,ARM-aarch64-NEON,100000,96,20,10,16,256,500,1,0,nth-rerank,5,3.539000,0.965000,1.698304,1.091390,3.419000,0.119000,0,0,0,0,0
PQ-SDC-M16-p1000,ARM-aarch64-NEON,100000,96,20,10,16,256,1000,1,0,nth-rerank,1,3.667000,0.995000,1.698304,1.091390,3.428000,0.238000,0,0,0,0,0
PQ-SDC-M16-p1000,ARM-aarch64-NEON,100000,96,20,10,16,256,1000,1,0,nth-rerank,2,3.664000,0.995000,1.698304,1.091390,3.431000,0.233000,0,0,0,0,0
PQ-SDC-M16-p1000,ARM-aarch64-NEON,100000,96,20,10,16,256,1000,1,0,nth-rerank,3,3.660000,0.995000,1.698304,1.091390,3.425000,0.234000,0,0,0,0,0
PQ-SDC-M16-p1000,ARM-aarch64-NEON,100000,96,20,10,16,256,1000,1,0,nth-rerank,4,3.664000,0.995000,1.698304,1.091390,3.428000,0.235000,0,0,0,0,0
PQ-SDC-M16-p1000,ARM-aarch64-NEON,100000,96,20,10,16,256,1000,1,0,nth-rerank,5,3.669000,0.995000,1.698304,1.091390,3.432000,0.236000,0,0,0,0,0
PQ-SDC-M16-p2000,ARM-aarch64-NEON,100000,96,20,10,16,256,2000,1,0,nth-rerank,1,3.904000,1.000000,1.698304,1.091390,3.446000,0.457000,0,0,0,0,0
PQ-SDC-M16-p2000,ARM-aarch64-NEON,100000,96,20,10,16,256,2000,1,0,nth-rerank,2,3.893000,1.000000,1.698304,1.091390,3.448000,0.443000,0,0,0,0,0
PQ-SDC-M16-p2000,ARM-aarch64-NEON,100000,96,20,10,16,256,2000,1,0,nth-rerank,3,3.894000,1.000000,1.698304,1.091390,3.449000,0.444000,0,0,0,0,0
PQ-SDC-M16-p2000,ARM-aarch64-NEON,100000,96,20,10,16,256,2000,1,0,nth-rerank,4,3.919000,1.000000,1.698304,1.091390,3.459000,0.459000,0,0,0,0,0
PQ-SDC-M16-p2000,ARM-aarch64-NEON,100000,96,20,10,16,256,2000,1,0,nth-rerank,5,3.903000,1.000000,1.698304,1.091390,3.449000,0.452000,0,0,0,0,0
PQ-SDC-M16-p5000,ARM-aarch64-NEON,100000,96,20,10,16,256,5000,1,0,nth-rerank,1,4.589000,1.000000,1.698304,1.091390,3.507000,1.080000,0,0,0,0,0
PQ-SDC-M16-p5000,ARM-aarch64-NEON,100000,96,20,10,16,256,5000,1,0,nth-rerank,2,4.575000,1.000000,1.698304,1.091390,3.503000,1.071000,0,0,0,0,0
PQ-SDC-M16-p5000,ARM-aarch64-NEON,100000,96,20,10,16,256,5000,1,0,nth-rerank,3,4.558000,1.000000,1.698304,1.091390,3.502000,1.054000,0,0,0,0,0
PQ-SDC-M16-p5000,ARM-aarch64-NEON,100000,96,20,10,16,256,5000,1,0,nth-rerank,4,4.563000,1.000000,1.698304,1.091390,3.504000,1.056000,0,0,0,0,0
PQ-SDC-M16-p5000,ARM-aarch64-NEON,100000,96,20,10,16,256,5000,1,0,nth-rerank,5,4.556000,1.000000,1.698304,1.091390,3.503000,1.052000,0,0,0,0,0
FastScan-ADC-M16-p500,ARM-aarch64-NEON,100000,96,20,10,16,256,500,1,0,u8lut-block32,1,2.043000,1.000000,3.298304,1.091390,1.925000,0.116000,0,0,0,0,0
FastScan-ADC-M16-p500,ARM-aarch64-NEON,100000,96,20,10,16,256,500,1,0,u8lut-block32,2,1.990000,1.000000,3.298304,1.091390,1.883000,0.106000,0,0,0,0,0
FastScan-ADC-M16-p500,ARM-aarch64-NEON,100000,96,20,10,16,256,500,1,0,u8lut-block32,3,1.997000,1.000000,3.298304,1.091390,1.890000,0.106000,0,0,0,0,0
FastScan-ADC-M16-p500,ARM-aarch64-NEON,100000,96,20,10,16,256,500,1,0,u8lut-block32,4,2.009000,1.000000,3.298304,1.091390,1.896000,0.111000,0,0,0,0,0
FastScan-ADC-M16-p500,ARM-aarch64-NEON,100000,96,20,10,16,256,500,1,0,u8lut-block32,5,2.005000,1.000000,3.298304,1.091390,1.888000,0.116000,0,0,0,0,0
FastScan-ADC-M16-p1000,ARM-aarch64-NEON,100000,96,20,10,16,256,1000,1,0,u8lut-block32,1,2.155000,1.000000,3.298304,1.091390,1.927000,0.226000,0,0,0,0,0
FastScan-ADC-M16-p1000,ARM-aarch64-NEON,100000,96,20,10,16,256,1000,1,0,u8lut-block32,2,2.141000,1.000000,3.298304,1.091390,1.927000,0.213000,0,0,0,0,0
FastScan-ADC-M16-p1000,ARM-aarch64-NEON,100000,96,20,10,16,256,1000,1,0,u8lut-block32,3,2.149000,1.000000,3.298304,1.091390,1.925000,0.222000,0,0,0,0,0
FastScan-ADC-M16-p1000,ARM-aarch64-NEON,100000,96,20,10,16,256,1000,1,0,u8lut-block32,4,2.133000,1.000000,3.298304,1.091390,1.925000,0.206000,0,0,0,0,0
FastScan-ADC-M16-p1000,ARM-aarch64-NEON,100000,96,20,10,16,256,1000,1,0,u8lut-block32,5,2.143000,1.000000,3.298304,1.091390,1.931000,0.211000,0,0,0,0,0
FastScan-ADC-M16-p2000,ARM-aarch64-NEON,100000,96,20,10,16,256,2000,1,0,u8lut-block32,1,2.382000,1.000000,3.298304,1.091390,1.940000,0.441000,0,0,0,0,0
FastScan-ADC-M16-p2000,ARM-aarch64-NEON,100000,96,20,10,16,256,2000,1,0,u8lut-block32,2,2.391000,1.000000,3.298304,1.091390,1.943000,0.447000,0,0,0,0,0
FastScan-ADC-M16-p2000,ARM-aarch64-NEON,100000,96,20,10,16,256,2000,1,0,u8lut-block32,3,2.392000,1.000000,3.298304,1.091390,1.943000,0.447000,0,0,0,0,0
FastScan-ADC-M16-p2000,ARM-aarch64-NEON,100000,96,20,10,16,256,2000,1,0,u8lut-block32,4,2.388000,1.000000,3.298304,1.091390,1.944000,0.442000,0,0,0,0,0
FastScan-ADC-M16-p2000,ARM-aarch64-NEON,100000,96,20,10,16,256,2000,1,0,u8lut-block32,5,2.401000,1.000000,3.298304,1.091390,1.944000,0.455000,0,0,0,0,0
FastScan-SDC-M16-p500,ARM-aarch64-NEON,100000,96,20,10,16,256,500,1,0,u8lut-block32,1,2.034000,0.965000,3.298304,1.091390,1.913000,0.120000,0,0,0,0,0
FastScan-SDC-M16-p500,ARM-aarch64-NEON,100000,96,20,10,16,256,500,1,0,u8lut-block32,2,2.049000,0.965000,3.298304,1.091390,1.924000,0.123000,0,0,0,0,0
FastScan-SDC-M16-p500,ARM-aarch64-NEON,100000,96,20,10,16,256,500,1,0,u8lut-block32,3,2.024000,0.965000,3.298304,1.091390,1.906000,0.117000,0,0,0,0,0
FastScan-SDC-M16-p500,ARM-aarch64-NEON,100000,96,20,10,16,256,500,1,0,u8lut-block32,4,2.007000,0.965000,3.298304,1.091390,1.906000,0.100000,0,0,0,0,0
FastScan-SDC-M16-p500,ARM-aarch64-NEON,100000,96,20,10,16,256,500,1,0,u8lut-block32,5,2.044000,0.965000,3.298304,1.091390,1.932000,0.110000,0,0,0,0,0
FastScan-SDC-M16-p1000,ARM-aarch64-NEON,100000,96,20,10,16,256,1000,1,0,u8lut-block32,1,2.219000,0.995000,3.298304,1.091390,1.972000,0.245000,0,0,0,0,0
FastScan-SDC-M16-p1000,ARM-aarch64-NEON,100000,96,20,10,16,256,1000,1,0,u8lut-block32,2,2.197000,0.995000,3.298304,1.091390,1.956000,0.239000,0,0,0,0,0
FastScan-SDC-M16-p1000,ARM-aarch64-NEON,100000,96,20,10,16,256,1000,1,0,u8lut-block32,3,2.214000,0.995000,3.298304,1.091390,1.972000,0.240000,0,0,0,0,0
FastScan-SDC-M16-p1000,ARM-aarch64-NEON,100000,96,20,10,16,256,1000,1,0,u8lut-block32,4,2.221000,0.995000,3.298304,1.091390,1.978000,0.242000,0,0,0,0,0
FastScan-SDC-M16-p1000,ARM-aarch64-NEON,100000,96,20,10,16,256,1000,1,0,u8lut-block32,5,2.209000,0.995000,3.298304,1.091390,1.968000,0.239000,0,0,0,0,0
FastScan-SDC-M16-p2000,ARM-aarch64-NEON,100000,96,20,10,16,256,2000,1,0,u8lut-block32,1,2.477000,1.000000,3.298304,1.091390,1.991000,0.483000,0,0,0,0,0
FastScan-SDC-M16-p2000,ARM-aarch64-NEON,100000,96,20,10,16,256,2000,1,0,u8lut-block32,2,2.480000,1.000000,3.298304,1.091390,2.003000,0.475000,0,0,0,0,0
FastScan-SDC-M16-p2000,ARM-aarch64-NEON,100000,96,20,10,16,256,2000,1,0,u8lut-block32,3,2.477000,1.000000,3.298304,1.091390,1.998000,0.477000,0,0,0,0,0
FastScan-SDC-M16-p2000,ARM-aarch64-NEON,100000,96,20,10,16,256,2000,1,0,u8lut-block32,4,2.444000,1.000000,3.298304,1.091390,1.975000,0.467000,0,0,0,0,0
FastScan-SDC-M16-p2000,ARM-aarch64-NEON,100000,96,20,10,16,256,2000,1,0,u8lut-block32,5,2.462000,1.000000,3.298304,1.091390,1.991000,0.468000,0,0,0,0,0
SDC-Pipeline2-M16-p1000-b1,ARM-aarch64-NEON,100000,96,20,10,16,256,1000,1,0,pipeline2,1,3.772000,0.995000,1.698304,1.091390,3.417000,0.240000,0,0,0,0,0
SDC-Pipeline2-M16-p1000-b1,ARM-aarch64-NEON,100000,96,20,10,16,256,1000,1,0,pipeline2,2,3.850000,0.995000,1.698304,1.091390,3.488000,0.250000,0,0,0,0,0
SDC-Pipeline2-M16-p1000-b1,ARM-aarch64-NEON,100000,96,20,10,16,256,1000,1,0,pipeline2,3,3.804000,0.995000,1.698304,1.091390,3.460000,0.252000,0,0,0,0,0
SDC-Pipeline2-M16-p1000-b1,ARM-aarch64-NEON,100000,96,20,10,16,256,1000,1,0,pipeline2,4,3.773000,0.995000,1.698304,1.091390,3.437000,0.245000,0,0,0,0,0
SDC-Pipeline2-M16-p1000-b1,ARM-aarch64-NEON,100000,96,20,10,16,256,1000,1,0,pipeline2,5,3.780000,0.995000,1.698304,1.091390,3.439000,0.251000,0,0,0,0,0
SDC-Pipeline2-M16-p1000-b4,ARM-aarch64-NEON,100000,96,20,10,16,256,1000,1,0,pipeline2,1,3.716000,0.995000,1.698304,1.091390,3.403000,0.224000,0,0,0,0,0
SDC-Pipeline2-M16-p1000-b4,ARM-aarch64-NEON,100000,96,20,10,16,256,1000,1,0,pipeline2,2,3.749000,0.995000,1.698304,1.091390,3.439000,0.228000,0,0,0,0,0
SDC-Pipeline2-M16-p1000-b4,ARM-aarch64-NEON,100000,96,20,10,16,256,1000,1,0,pipeline2,3,3.786000,0.995000,1.698304,1.091390,3.458000,0.235000,0,0,0,0,0
SDC-Pipeline2-M16-p1000-b4,ARM-aarch64-NEON,100000,96,20,10,16,256,1000,1,0,pipeline2,4,3.721000,0.995000,1.698304,1.091390,3.400000,0.236000,0,0,0,0,0
SDC-Pipeline2-M16-p1000-b4,ARM-aarch64-NEON,100000,96,20,10,16,256,1000,1,0,pipeline2,5,3.770000,0.995000,1.698304,1.091390,3.444000,0.234000,0,0,0,0,0
SDC-Pipeline2-M16-p1000-b8,ARM-aarch64-NEON,100000,96,20,10,16,256,1000,1,0,pipeline2,1,3.773000,0.995000,1.698304,1.091390,3.444000,0.247000,0,0,0,0,0
SDC-Pipeline2-M16-p1000-b8,ARM-aarch64-NEON,100000,96,20,10,16,256,1000,1,0,pipeline2,2,3.739000,0.995000,1.698304,1.091390,3.424000,0.227000,0,0,0,0,0
SDC-Pipeline2-M16-p1000-b8,ARM-aarch64-NEON,100000,96,20,10,16,256,1000,1,0,pipeline2,3,3.749000,0.995000,1.698304,1.091390,3.411000,0.235000,0,0,0,0,0
SDC-Pipeline2-M16-p1000-b8,ARM-aarch64-NEON,100000,96,20,10,16,256,1000,1,0,pipeline2,4,3.689000,0.995000,1.698304,1.091390,3.404000,0.198000,0,0,0,0,0
SDC-Pipeline2-M16-p1000-b8,ARM-aarch64-NEON,100000,96,20,10,16,256,1000,1,0,pipeline2,5,3.671000,0.995000,1.698304,1.091390,3.400000,0.195000,0,0,0,0,0
SDC-Pipeline2-M16-p1000-b16,ARM-aarch64-NEON,100000,96,20,10,16,256,1000,1,0,pipeline2,1,3.742000,0.995000,1.698304,1.091390,3.421000,0.234000,0,0,0,0,0
SDC-Pipeline2-M16-p1000-b16,ARM-aarch64-NEON,100000,96,20,10,16,256,1000,1,0,pipeline2,2,3.706000,0.995000,1.698304,1.091390,3.405000,0.227000,0,0,0,0,0
SDC-Pipeline2-M16-p1000-b16,ARM-aarch64-NEON,100000,96,20,10,16,256,1000,1,0,pipeline2,3,3.715000,0.995000,1.698304,1.091390,3.426000,0.206000,0,0,0,0,0
SDC-Pipeline2-M16-p1000-b16,ARM-aarch64-NEON,100000,96,20,10,16,256,1000,1,0,pipeline2,4,3.686000,0.995000,1.698304,1.091390,3.414000,0.199000,0,0,0,0,0
SDC-Pipeline2-M16-p1000-b16,ARM-aarch64-NEON,100000,96,20,10,16,256,1000,1,0,pipeline2,5,3.679000,0.995000,1.698304,1.091390,3.415000,0.183000,0,0,0,0,0
SDC-Pipeline2-M16-p1000-b32,ARM-aarch64-NEON,100000,96,20,10,16,256,1000,1,0,pipeline2,1,3.683000,0.995000,1.698304,1.091390,3.414000,0.199000,0,0,0,0,0
SDC-Pipeline2-M16-p1000-b32,ARM-aarch64-NEON,100000,96,20,10,16,256,1000,1,0,pipeline2,2,3.754000,0.995000,1.698304,1.091390,3.450000,0.221000,0,0,0,0,0
SDC-Pipeline2-M16-p1000-b32,ARM-aarch64-NEON,100000,96,20,10,16,256,1000,1,0,pipeline2,3,3.772000,0.995000,1.698304,1.091390,3.458000,0.241000,0,0,0,0,0
SDC-Pipeline2-M16-p1000-b32,ARM-aarch64-NEON,100000,96,20,10,16,256,1000,1,0,pipeline2,4,3.817000,0.995000,1.698304,1.091390,3.484000,0.244000,0,0,0,0,0
SDC-Pipeline2-M16-p1000-b32,ARM-aarch64-NEON,100000,96,20,10,16,256,1000,1,0,pipeline2,5,3.780000,0.995000,1.698304,1.091390,3.462000,0.243000,0,0,0,0,0
SDC-Pipeline2-M16-p1000-b64,ARM-aarch64-NEON,100000,96,20,10,16,256,1000,1,0,pipeline2,1,3.772000,0.995000,1.698304,1.091390,3.449000,0.239000,0,0,0,0,0
SDC-Pipeline2-M16-p1000-b64,ARM-aarch64-NEON,100000,96,20,10,16,256,1000,1,0,pipeline2,2,3.752000,0.995000,1.698304,1.091390,3.443000,0.236000,0,0,0,0,0
SDC-Pipeline2-M16-p1000-b64,ARM-aarch64-NEON,100000,96,20,10,16,256,1000,1,0,pipeline2,3,3.783000,0.995000,1.698304,1.091390,3.461000,0.237000,0,0,0,0,0
SDC-Pipeline2-M16-p1000-b64,ARM-aarch64-NEON,100000,96,20,10,16,256,1000,1,0,pipeline2,4,3.756000,0.995000,1.698304,1.091390,3.443000,0.238000,0,0,0,0,0
SDC-Pipeline2-M16-p1000-b64,ARM-aarch64-NEON,100000,96,20,10,16,256,1000,1,0,pipeline2,5,3.766000,0.995000,1.698304,1.091390,3.445000,0.237000,0,0,0,0,0
SDC-Pipeline3-M16-p1000-b1,ARM-aarch64-NEON,100000,96,20,10,16,256,1000,1,0,pipeline3,1,3.579000,0.995000,1.698304,1.091390,3.430000,0.235000,0,0,0,0,0
SDC-Pipeline3-M16-p1000-b1,ARM-aarch64-NEON,100000,96,20,10,16,256,1000,1,0,pipeline3,2,3.533000,0.995000,1.698304,1.091390,3.441000,0.199000,0,0,0,0,0
SDC-Pipeline3-M16-p1000-b1,ARM-aarch64-NEON,100000,96,20,10,16,256,1000,1,0,pipeline3,3,3.524000,0.995000,1.698304,1.091390,3.432000,0.181000,0,0,0,0,0
SDC-Pipeline3-M16-p1000-b1,ARM-aarch64-NEON,100000,96,20,10,16,256,1000,1,0,pipeline3,4,3.550000,0.995000,1.698304,1.091390,3.448000,0.187000,0,0,0,0,0
SDC-Pipeline3-M16-p1000-b1,ARM-aarch64-NEON,100000,96,20,10,16,256,1000,1,0,pipeline3,5,3.556000,0.995000,1.698304,1.091390,3.451000,0.197000,0,0,0,0,0
SDC-Pipeline3-M16-p1000-b4,ARM-aarch64-NEON,100000,96,20,10,16,256,1000,1,0,pipeline3,1,3.544000,0.995000,1.698304,1.091390,3.440000,0.189000,0,0,0,0,0
SDC-Pipeline3-M16-p1000-b4,ARM-aarch64-NEON,100000,96,20,10,16,256,1000,1,0,pipeline3,2,3.523000,0.995000,1.698304,1.091390,3.426000,0.186000,0,0,0,0,0
SDC-Pipeline3-M16-p1000-b4,ARM-aarch64-NEON,100000,96,20,10,16,256,1000,1,0,pipeline3,3,3.532000,0.995000,1.698304,1.091390,3.428000,0.194000,0,0,0,0,0
SDC-Pipeline3-M16-p1000-b4,ARM-aarch64-NEON,100000,96,20,10,16,256,1000,1,0,pipeline3,4,3.516000,0.995000,1.698304,1.091390,3.415000,0.229000,0,0,0,0,0
SDC-Pipeline3-M16-p1000-b4,ARM-aarch64-NEON,100000,96,20,10,16,256,1000,1,0,pipeline3,5,3.558000,0.995000,1.698304,1.091390,3.447000,0.287000,0,0,0,0,0
SDC-Pipeline3-M16-p1000-b8,ARM-aarch64-NEON,100000,96,20,10,16,256,1000,1,0,pipeline3,1,3.520000,0.995000,1.698304,1.091390,3.418000,0.262000,0,0,0,0,0
SDC-Pipeline3-M16-p1000-b8,ARM-aarch64-NEON,100000,96,20,10,16,256,1000,1,0,pipeline3,2,3.550000,0.995000,1.698304,1.091390,3.444000,0.229000,0,0,0,0,0
SDC-Pipeline3-M16-p1000-b8,ARM-aarch64-NEON,100000,96,20,10,16,256,1000,1,0,pipeline3,3,3.517000,0.995000,1.698304,1.091390,3.414000,0.240000,0,0,0,0,0
SDC-Pipeline3-M16-p1000-b8,ARM-aarch64-NEON,100000,96,20,10,16,256,1000,1,0,pipeline3,4,3.510000,0.995000,1.698304,1.091390,3.413000,0.232000,0,0,0,0,0
SDC-Pipeline3-M16-p1000-b8,ARM-aarch64-NEON,100000,96,20,10,16,256,1000,1,0,pipeline3,5,3.521000,0.995000,1.698304,1.091390,3.421000,0.235000,0,0,0,0,0
SDC-Pipeline3-M16-p1000-b16,ARM-aarch64-NEON,100000,96,20,10,16,256,1000,1,0,pipeline3,1,3.515000,0.995000,1.698304,1.091390,3.419000,0.233000,0,0,0,0,0
SDC-Pipeline3-M16-p1000-b16,ARM-aarch64-NEON,100000,96,20,10,16,256,1000,1,0,pipeline3,2,3.514000,0.995000,1.698304,1.091390,3.413000,0.283000,0,0,0,0,0
SDC-Pipeline3-M16-p1000-b16,ARM-aarch64-NEON,100000,96,20,10,16,256,1000,1,0,pipeline3,3,3.489000,0.995000,1.698304,1.091390,3.391000,0.255000,0,0,0,0,0
SDC-Pipeline3-M16-p1000-b16,ARM-aarch64-NEON,100000,96,20,10,16,256,1000,1,0,pipeline3,4,3.540000,0.995000,1.698304,1.091390,3.431000,0.233000,0,0,0,0,0
SDC-Pipeline3-M16-p1000-b16,ARM-aarch64-NEON,100000,96,20,10,16,256,1000,1,0,pipeline3,5,3.498000,0.995000,1.698304,1.091390,3.394000,0.223000,0,0,0,0,0
SDC-Pipeline3-M16-p1000-b32,ARM-aarch64-NEON,100000,96,20,10,16,256,1000,1,0,pipeline3,1,3.506000,0.995000,1.698304,1.091390,3.406000,0.240000,0,0,0,0,0
SDC-Pipeline3-M16-p1000-b32,ARM-aarch64-NEON,100000,96,20,10,16,256,1000,1,0,pipeline3,2,3.500000,0.995000,1.698304,1.091390,3.399000,0.256000,0,0,0,0,0
SDC-Pipeline3-M16-p1000-b32,ARM-aarch64-NEON,100000,96,20,10,16,256,1000,1,0,pipeline3,3,3.536000,0.995000,1.698304,1.091390,3.434000,0.243000,0,0,0,0,0
SDC-Pipeline3-M16-p1000-b32,ARM-aarch64-NEON,100000,96,20,10,16,256,1000,1,0,pipeline3,4,3.516000,0.995000,1.698304,1.091390,3.417000,0.228000,0,0,0,0,0
SDC-Pipeline3-M16-p1000-b32,ARM-aarch64-NEON,100000,96,20,10,16,256,1000,1,0,pipeline3,5,3.496000,0.995000,1.698304,1.091390,3.398000,0.259000,0,0,0,0,0
SDC-Pipeline3-M16-p1000-b64,ARM-aarch64-NEON,100000,96,20,10,16,256,1000,1,0,pipeline3,1,3.498000,0.995000,1.698304,1.091390,3.400000,0.251000,0,0,0,0,0
SDC-Pipeline3-M16-p1000-b64,ARM-aarch64-NEON,100000,96,20,10,16,256,1000,1,0,pipeline3,2,3.502000,0.995000,1.698304,1.091390,3.403000,0.231000,0,0,0,0,0
SDC-Pipeline3-M16-p1000-b64,ARM-aarch64-NEON,100000,96,20,10,16,256,1000,1,0,pipeline3,3,3.525000,0.995000,1.698304,1.091390,3.428000,0.231000,0,0,0,0,0
SDC-Pipeline3-M16-p1000-b64,ARM-aarch64-NEON,100000,96,20,10,16,256,1000,1,0,pipeline3,4,3.546000,0.995000,1.698304,1.091390,3.436000,0.223000,0,0,0,0,0
SDC-Pipeline3-M16-p1000-b64,ARM-aarch64-NEON,100000,96,20,10,16,256,1000,1,0,pipeline3,5,3.516000,0.995000,1.698304,1.091390,3.417000,0.239000,0,0,0,0,0
