method,family,M,p,unroll,prefetch,block,topk,latency_ms,recall,encode_ms,lut_ms,scan_ms,select_ms,rerank_ms,build_time_sec,index_size_mb
Flat-Scalar,flat,0,0,1,0,0,heap,4.607640,1.000000,0.000000,0.000000,0.000000,0.000000,0.000000,0.000000,38.400000
Flat-Scalar,flat,0,0,1,0,0,heap,4.902862,1.000000,0.000000,0.000000,0.000000,0.000000,0.000000,0.000000,38.400000
Flat-Scalar,flat,0,0,1,0,0,heap,5.374273,1.000000,0.000000,0.000000,0.000000,0.000000,0.000000,0.000000,38.400000
Flat-AutoVec,flat,0,0,1,0,0,heap,4.706849,1.000000,0.000000,0.000000,0.000000,0.000000,0.000000,0.000000,38.400000
Flat-AutoVec,flat,0,0,1,0,0,heap,4.267247,1.000000,0.000000,0.000000,0.000000,0.000000,0.000000,0.000000,38.400000
Flat-AutoVec,flat,0,0,1,0,0,heap,4.064324,1.000000,0.000000,0.000000,0.000000,0.000000,0.000000,0.000000,38.400000
Flat-SSE,flat,0,0,1,0,0,heap,2.818200,1.000000,0.000000,0.000000,0.000000,0.000000,0.000000,0.000000,38.400000
Flat-SSE,flat,0,0,1,0,0,heap,2.785997,1.000000,0.000000,0.000000,0.000000,0.000000,0.000000,0.000000,38.400000
Flat-SSE,flat,0,0,1,0,0,heap,2.800264,1.000000,0.000000,0.000000,0.000000,0.000000,0.000000,0.000000,38.400000
Flat-AVX,flat,0,0,1,0,0,heap,2.631119,1.000000,0.000000,0.000000,0.000000,0.000000,0.000000,0.000000,38.400000
Flat-AVX,flat,0,0,1,0,0,heap,2.740194,1.000000,0.000000,0.000000,0.000000,0.000000,0.000000,0.000000,38.400000
Flat-AVX,flat,0,0,1,0,0,heap,2.857681,1.000000,0.000000,0.000000,0.000000,0.000000,0.000000,0.000000,38.400000
Flat-AVX-prefetch4,flat,0,0,1,4,0,heap,2.724720,1.000000,0.000000,0.000000,0.000000,0.000000,0.000000,0.000000,38.400000
Flat-AVX-prefetch4,flat,0,0,1,4,0,heap,2.548232,1.000000,0.000000,0.000000,0.000000,0.000000,0.000000,0.000000,38.400000
Flat-AVX-prefetch4,flat,0,0,1,4,0,heap,2.896092,1.000000,0.000000,0.000000,0.000000,0.000000,0.000000,0.000000,38.400000
Flat-AVX-prefetch8,flat,0,0,1,8,0,heap,2.964365,1.000000,0.000000,0.000000,0.000000,0.000000,0.000000,0.000000,38.400000
Flat-AVX-prefetch8,flat,0,0,1,8,0,heap,2.694257,1.000000,0.000000,0.000000,0.000000,0.000000,0.000000,0.000000,38.400000
Flat-AVX-prefetch8,flat,0,0,1,8,0,heap,2.747484,1.000000,0.000000,0.000000,0.000000,0.000000,0.000000,0.000000,38.400000
Flat-AVX-prefetch16,flat,0,0,1,16,0,heap,2.727448,1.000000,0.000000,0.000000,0.000000,0.000000,0.000000,0.000000,38.400000
Flat-AVX-prefetch16,flat,0,0,1,16,0,heap,2.719811,1.000000,0.000000,0.000000,0.000000,0.000000,0.000000,0.000000,38.400000
Flat-AVX-prefetch16,flat,0,0,1,16,0,heap,2.778767,1.000000,0.000000,0.000000,0.000000,0.000000,0.000000,0.000000,38.400000
Flat-AVX-prefetch32,flat,0,0,1,32,0,heap,2.723498,1.000000,0.000000,0.000000,0.000000,0.000000,0.000000,0.000000,38.400000
Flat-AVX-prefetch32,flat,0,0,1,32,0,heap,2.704508,1.000000,0.000000,0.000000,0.000000,0.000000,0.000000,0.000000,38.400000
Flat-AVX-prefetch32,flat,0,0,1,32,0,heap,2.907557,1.000000,0.000000,0.000000,0.000000,0.000000,0.000000,0.000000,38.400000
Flat-AVX-prefetch64,flat,0,0,1,64,0,heap,2.773129,1.000000,0.000000,0.000000,0.000000,0.000000,0.000000,0.000000,38.400000
Flat-AVX-prefetch64,flat,0,0,1,64,0,heap,2.756348,1.000000,0.000000,0.000000,0.000000,0.000000,0.000000,0.000000,38.400000
Flat-AVX-prefetch64,flat,0,0,1,64,0,heap,2.713458,1.000000,0.000000,0.000000,0.000000,0.000000,0.000000,0.000000,38.400000
Flat-AVX-pf4-FixedTopK,flat,0,0,1,4,0,fixed-array,2.678604,1.000000,0.000000,0.000000,0.000000,0.000000,0.000000,0.000000,38.400000
Flat-AVX-pf4-FixedTopK,flat,0,0,1,4,0,fixed-array,2.822167,1.000000,0.000000,0.000000,0.000000,0.000000,0.000000,0.000000,38.400000
Flat-AVX-pf4-FixedTopK,flat,0,0,1,4,0,fixed-array,2.745028,1.000000,0.000000,0.000000,0.000000,0.000000,0.000000,0.000000,38.400000
Flat-AVX-pf8-FixedTopK,flat,0,0,1,8,0,fixed-array,2.908383,1.000000,0.000000,0.000000,0.000000,0.000000,0.000000,0.000000,38.400000
Flat-AVX-pf8-FixedTopK,flat,0,0,1,8,0,fixed-array,2.820714,1.000000,0.000000,0.000000,0.000000,0.000000,0.000000,0.000000,38.400000
Flat-AVX-pf8-FixedTopK,flat,0,0,1,8,0,fixed-array,2.794674,1.000000,0.000000,0.000000,0.000000,0.000000,0.000000,0.000000,38.400000
Flat-AVX-pf16-FixedTopK,flat,0,0,1,16,0,fixed-array,2.834238,1.000000,0.000000,0.000000,0.000000,0.000000,0.000000,0.000000,38.400000
Flat-AVX-pf16-FixedTopK,flat,0,0,1,16,0,fixed-array,2.730601,1.000000,0.000000,0.000000,0.000000,0.000000,0.000000,0.000000,38.400000
Flat-AVX-pf16-FixedTopK,flat,0,0,1,16,0,fixed-array,2.773527,1.000000,0.000000,0.000000,0.000000,0.000000,0.000000,0.000000,38.400000
Flat-AVX-pf32-FixedTopK,flat,0,0,1,32,0,fixed-array,2.763677,1.000000,0.000000,0.000000,0.000000,0.000000,0.000000,0.000000,38.400000
Flat-AVX-pf32-FixedTopK,flat,0,0,1,32,0,fixed-array,2.136177,1.000000,0.000000,0.000000,0.000000,0.000000,0.000000,0.000000,38.400000
Flat-AVX-pf32-FixedTopK,flat,0,0,1,32,0,fixed-array,2.878361,1.000000,0.000000,0.000000,0.000000,0.000000,0.000000,0.000000,38.400000
Flat-AVX-pf64-FixedTopK,flat,0,0,1,64,0,fixed-array,2.903146,1.000000,0.000000,0.000000,0.000000,0.000000,0.000000,0.000000,38.400000
Flat-AVX-pf64-FixedTopK,flat,0,0,1,64,0,fixed-array,2.856197,1.000000,0.000000,0.000000,0.000000,0.000000,0.000000,0.000000,38.400000
Flat-AVX-pf64-FixedTopK,flat,0,0,1,64,0,fixed-array,2.770096,1.000000,0.000000,0.000000,0.000000,0.000000,0.000000,0.000000,38.400000
SQ8-p100,sq8,0,100,1,0,0,heap,4.407425,1.000000,0.000000,0.000000,4.368370,0.000000,0.036760,0.024208,9.600768
SQ8-p100,sq8,0,100,1,0,0,heap,4.425501,1.000000,0.000000,0.000000,4.386670,0.000000,0.036800,0.026039,9.600768
SQ8-p100,sq8,0,100,1,0,0,heap,4.462742,1.000000,0.000000,0.000000,4.422610,0.000000,0.037860,0.024272,9.600768
SQ8-p200,sq8,0,200,1,0,0,heap,4.455845,1.000000,0.000000,0.000000,4.383260,0.000000,0.070340,0.025689,9.600768
SQ8-p200,sq8,0,200,1,0,0,heap,4.495378,1.000000,0.000000,0.000000,4.423790,0.000000,0.069100,0.023325,9.600768
SQ8-p200,sq8,0,200,1,0,0,heap,4.283447,1.000000,0.000000,0.000000,4.211970,0.000000,0.069130,0.022684,9.600768
SQ8-p500,sq8,0,500,1,0,0,heap,4.686716,1.000000,0.000000,0.000000,4.527780,0.000000,0.156510,0.023979,9.600768
SQ8-p500,sq8,0,500,1,0,0,heap,4.901925,1.000000,0.000000,0.000000,4.739170,0.000000,0.160440,0.023239,9.600768
SQ8-p500,sq8,0,500,1,0,0,heap,4.732632,1.000000,0.000000,0.000000,4.573470,0.000000,0.156760,0.023431,9.600768
SQ8-p1000,sq8,0,1000,1,0,0,heap,5.090847,1.000000,0.000000,0.000000,4.788320,0.000000,0.299930,0.025372,9.600768
SQ8-p1000,sq8,0,1000,1,0,0,heap,5.004177,1.000000,0.000000,0.000000,4.703670,0.000000,0.298020,0.023740,9.600768
SQ8-p1000,sq8,0,1000,1,0,0,heap,4.937026,1.000000,0.000000,0.000000,4.643900,0.000000,0.290660,0.024853,9.600768
SQ8-p2000,sq8,0,2000,1,0,0,heap,5.860794,1.000000,0.000000,0.000000,5.273390,0.000000,0.571810,0.023722,9.600768
SQ8-p2000,sq8,0,2000,1,0,0,heap,5.990864,1.000000,0.000000,0.000000,5.394190,0.000000,0.582930,0.024142,9.600768
SQ8-p2000,sq8,0,2000,1,0,0,heap,5.912402,1.000000,0.000000,0.000000,5.312770,0.000000,0.589670,0.023723,9.600768
SQ8-p5000,sq8,0,5000,1,0,0,heap,7.554273,1.000000,0.000000,0.000000,6.198520,0.000000,1.333820,0.025277,9.600768
SQ8-p5000,sq8,0,5000,1,0,0,heap,7.651864,1.000000,0.000000,0.000000,6.283220,0.000000,1.348450,0.025651,9.600768
SQ8-p5000,sq8,0,5000,1,0,0,heap,7.806265,1.000000,0.000000,0.000000,6.393230,0.000000,1.396450,0.025716,9.600768
SQ8-U8SIMD-p100,sq8u8,0,100,1,0,0,heap,1.239523,0.032000,0.000000,0.000000,1.210420,0.000000,0.027750,0.026050,9.600768
SQ8-U8SIMD-p100,sq8u8,0,100,1,0,0,heap,1.223180,0.032000,0.000000,0.000000,1.195690,0.000000,0.026650,0.023795,9.600768
SQ8-U8SIMD-p100,sq8u8,0,100,1,0,0,heap,1.215082,0.032000,0.000000,0.000000,1.187800,0.000000,0.026600,0.024958,9.600768
SQ8-U8SIMD-p200,sq8u8,0,200,1,0,0,heap,1.353830,0.056000,0.000000,0.000000,1.301630,0.000000,0.050720,0.025325,9.600768
SQ8-U8SIMD-p200,sq8u8,0,200,1,0,0,heap,1.226726,0.056000,0.000000,0.000000,1.177850,0.000000,0.047720,0.024641,9.600768
SQ8-U8SIMD-p200,sq8u8,0,200,1,0,0,heap,1.320615,0.056000,0.000000,0.000000,1.270400,0.000000,0.049010,0.022704,9.600768
SQ8-U8SIMD-p500,sq8u8,0,500,1,0,0,heap,1.587007,0.111000,0.000000,0.000000,1.469460,0.000000,0.115710,0.026804,9.600768
SQ8-U8SIMD-p500,sq8u8,0,500,1,0,0,heap,1.583143,0.111000,0.000000,0.000000,1.463090,0.000000,0.117960,0.025781,9.600768
SQ8-U8SIMD-p500,sq8u8,0,500,1,0,0,heap,1.568519,0.111000,0.000000,0.000000,1.447410,0.000000,0.119230,0.024688,9.600768
SQ8-U8SIMD-p1000,sq8u8,0,1000,1,0,0,heap,1.936978,0.175000,0.000000,0.000000,1.684370,0.000000,0.250270,0.025352,9.600768
SQ8-U8SIMD-p1000,sq8u8,0,1000,1,0,0,heap,2.002232,0.175000,0.000000,0.000000,1.745960,0.000000,0.253630,0.024816,9.600768
SQ8-U8SIMD-p1000,sq8u8,0,1000,1,0,0,heap,2.033351,0.175000,0.000000,0.000000,1.783540,0.000000,0.247460,0.025689,9.600768
SQ8-U8SIMD-p2000,sq8u8,0,2000,1,0,0,heap,2.664711,0.275000,0.000000,0.000000,2.168050,0.000000,0.491850,0.024997,9.600768
SQ8-U8SIMD-p2000,sq8u8,0,2000,1,0,0,heap,2.759587,0.275000,0.000000,0.000000,2.272880,0.000000,0.482510,0.027061,9.600768
SQ8-U8SIMD-p2000,sq8u8,0,2000,1,0,0,heap,2.651660,0.275000,0.000000,0.000000,2.176670,0.000000,0.471890,0.026435,9.600768
SQ8-U8SIMD-p5000,sq8u8,0,5000,1,0,0,heap,4.297891,0.444000,0.000000,0.000000,3.066380,0.000000,1.228130,0.024592,9.600768
SQ8-U8SIMD-p5000,sq8u8,0,5000,1,0,0,heap,4.398678,0.444000,0.000000,0.000000,3.144450,0.000000,1.248110,0.024126,9.600768
SQ8-U8SIMD-p5000,sq8u8,0,5000,1,0,0,heap,4.485041,0.444000,0.000000,0.000000,3.233040,0.000000,1.247120,0.025374,9.600768
PQ-ADC-sel-M8-p100,pqsel,8,100,1,0,0,heap,1.419220,0.692000,0.000000,0.010870,1.388950,0.942890,0.027460,1.592084,0.898304
PQ-ADC-sel-M8-p100,pqsel,8,100,1,0,0,heap,1.371416,0.692000,0.000000,0.010410,1.342790,0.912300,0.026700,1.519303,0.898304
PQ-ADC-sel-M8-p100,pqsel,8,100,1,0,0,heap,1.386293,0.692000,0.000000,0.010880,1.356930,0.924610,0.026380,1.529598,0.898304
PQ-ADC-sel-M8-p500,pqsel,8,500,1,0,0,heap,1.505087,0.934000,0.000000,0.011570,1.402840,0.951960,0.099340,1.544190,0.898304
PQ-ADC-sel-M8-p500,pqsel,8,500,1,0,0,heap,1.476829,0.934000,0.000000,0.011670,1.375610,0.936190,0.098960,1.522315,0.898304
PQ-ADC-sel-M8-p500,pqsel,8,500,1,0,0,heap,1.702075,0.934000,0.000000,0.012830,1.582130,1.072360,0.117400,1.653271,0.898304
PQ-ADC-sel-M8-p1000,pqsel,8,1000,1,0,0,heap,1.576915,0.983000,0.000000,0.010450,1.385960,0.944410,0.188340,1.542883,0.898304
PQ-ADC-sel-M8-p1000,pqsel,8,1000,1,0,0,heap,1.561670,0.983000,0.000000,0.012190,1.374080,0.938160,0.183460,1.578023,0.898304
PQ-ADC-sel-M8-p1000,pqsel,8,1000,1,0,0,heap,1.507445,0.983000,0.000000,0.011120,1.330160,0.907710,0.175260,1.507814,0.898304
PQ-ADC-sel-M8-p2000,pqsel,8,2000,1,0,0,heap,1.682835,0.994000,0.000000,0.010580,1.334510,0.912980,0.345180,1.520216,0.898304
PQ-ADC-sel-M8-p2000,pqsel,8,2000,1,0,0,heap,1.748159,0.994000,0.000000,0.012090,1.397280,0.949670,0.347950,1.527361,0.898304
PQ-ADC-sel-M8-p2000,pqsel,8,2000,1,0,0,heap,1.683895,0.994000,0.000000,0.012020,1.341620,0.915180,0.339190,1.523560,0.898304
PQ-ADC-sel-M8-p5000,pqsel,8,5000,1,0,0,heap,2.179194,1.000000,0.000000,0.011060,1.404400,0.963850,0.771980,1.557735,0.898304
PQ-ADC-sel-M8-p5000,pqsel,8,5000,1,0,0,heap,2.131917,1.000000,0.000000,0.010960,1.388450,0.953640,0.740450,1.596462,0.898304
PQ-ADC-sel-M8-p5000,pqsel,8,5000,1,0,0,heap,2.193392,1.000000,0.000000,0.010970,1.431060,0.987740,0.759740,1.502180,0.898304
PQ-ADC-sel-M12-p100,pqsel,12,100,1,0,0,heap,1.451583,0.833000,0.000000,0.011730,1.422490,0.886200,0.026480,1.652966,1.298304
PQ-ADC-sel-M12-p100,pqsel,12,100,1,0,0,heap,1.513603,0.833000,0.000000,0.012200,1.483500,0.923180,0.026650,1.668401,1.298304
PQ-ADC-sel-M12-p100,pqsel,12,100,1,0,0,heap,1.477163,0.833000,0.000000,0.011560,1.446150,0.901280,0.027930,1.717893,1.298304
PQ-ADC-sel-M12-p500,pqsel,12,500,1,0,0,heap,1.326547,0.982000,0.000000,0.010490,1.236380,0.771150,0.088540,1.593757,1.298304
PQ-ADC-sel-M12-p500,pqsel,12,500,1,0,0,heap,1.197427,0.982000,0.000000,0.009780,1.111120,0.694770,0.084610,1.617080,1.298304
PQ-ADC-sel-M12-p500,pqsel,12,500,1,0,0,heap,1.438500,0.982000,0.000000,0.012270,1.344160,0.844880,0.092040,1.644040,1.298304
PQ-ADC-sel-M12-p1000,pqsel,12,1000,1,0,0,heap,1.468974,0.997000,0.000000,0.011920,1.301200,0.812540,0.163140,1.766292,1.298304
PQ-ADC-sel-M12-p1000,pqsel,12,1000,1,0,0,heap,1.507046,0.997000,0.000000,0.013310,1.340630,0.832490,0.164260,1.609089,1.298304
PQ-ADC-sel-M12-p1000,pqsel,12,1000,1,0,0,heap,1.879797,0.997000,0.000000,0.014330,1.683940,1.047750,0.191420,1.455483,1.298304
PQ-ADC-sel-M12-p2000,pqsel,12,2000,1,0,0,heap,1.670341,0.999000,0.000000,0.012670,1.353210,0.841260,0.313640,1.559513,1.298304
PQ-ADC-sel-M12-p2000,pqsel,12,2000,1,0,0,heap,1.610903,0.999000,0.000000,0.011410,1.304510,0.816210,0.303950,1.591289,1.298304
PQ-ADC-sel-M12-p2000,pqsel,12,2000,1,0,0,heap,1.841524,0.999000,0.000000,0.013680,1.505450,0.942700,0.332610,1.498719,1.298304
PQ-ADC-sel-M12-p5000,pqsel,12,5000,1,0,0,heap,2.069878,1.000000,0.000000,0.012760,1.338600,0.839830,0.727440,1.559953,1.298304
PQ-ADC-sel-M12-p5000,pqsel,12,5000,1,0,0,heap,2.087197,1.000000,0.000000,0.012670,1.355180,0.853810,0.729090,1.572922,1.298304
PQ-ADC-sel-M12-p5000,pqsel,12,5000,1,0,0,heap,1.769860,1.000000,0.000000,0.010370,1.115210,0.701340,0.652260,1.634214,1.298304
PQ-ADC-sel-M16-p100,pqsel,16,100,1,0,0,heap,1.754760,0.925000,0.000000,0.014570,1.725630,1.000870,0.027500,1.726012,1.698304
PQ-ADC-sel-M16-p100,pqsel,16,100,1,0,0,heap,1.627312,0.925000,0.000000,0.013860,1.598290,0.924210,0.026620,1.989617,1.698304
PQ-ADC-sel-M16-p100,pqsel,16,100,1,0,0,heap,1.670633,0.925000,0.000000,0.014380,1.639690,0.949310,0.028430,1.717506,1.698304
PQ-ADC-sel-M16-p500,pqsel,16,500,1,0,0,heap,5.155363,1.000000,0.000000,0.048570,4.921420,2.316350,0.224240,6.882234,1.698304
PQ-ADC-sel-M16-p500,pqsel,16,500,1,0,0,heap,6.110550,1.000000,0.000000,0.059770,5.778240,2.747130,0.319060,6.960580,1.698304
PQ-ADC-sel-M16-p500,pqsel,16,500,1,0,0,heap,9.178845,1.000000,0.000000,0.092760,8.792830,4.160120,0.371800,8.582531,1.698304
PQ-ADC-sel-M16-p1000,pqsel,16,1000,1,0,0,heap,8.935954,1.000000,0.000000,0.074770,8.237510,3.915170,0.685410,7.909865,1.698304
PQ-ADC-sel-M16-p1000,pqsel,16,1000,1,0,0,heap,5.820428,1.000000,0.000000,0.051200,5.352010,2.502630,0.457020,8.658448,1.698304
PQ-ADC-sel-M16-p1000,pqsel,16,1000,1,0,0,heap,1.423461,1.000000,0.000000,0.012100,1.263710,0.733750,0.155960,6.822886,1.698304
PQ-ADC-sel-M16-p2000,pqsel,16,2000,1,0,0,heap,2.885355,1.000000,0.000000,0.024890,2.456590,1.421360,0.421980,1.944715,1.698304
PQ-ADC-sel-M16-p2000,pqsel,16,2000,1,0,0,heap,2.057175,1.000000,0.000000,0.016870,1.722420,0.993840,0.331660,1.783038,1.698304
PQ-ADC-sel-M16-p2000,pqsel,16,2000,1,0,0,heap,2.447686,1.000000,0.000000,0.020310,2.068930,1.186070,0.373720,1.922825,1.698304
PQ-ADC-sel-M16-p5000,pqsel,16,5000,1,0,0,heap,1.804120,1.000000,0.000000,0.012140,1.141240,0.660330,0.660600,1.324163,1.698304
PQ-ADC-sel-M16-p5000,pqsel,16,5000,1,0,0,heap,1.765019,1.000000,0.000000,0.011360,1.114140,0.647330,0.649040,1.413393,1.698304
PQ-ADC-sel-M16-p5000,pqsel,16,5000,1,0,0,heap,1.817160,1.000000,0.000000,0.011610,1.158710,0.671720,0.655790,1.334912,1.698304
PQ-SDC-M8-coarse,sdc,8,0,1,0,0,coarse-only,1.393845,0.129000,0.011860,0.000000,0.533960,0.844570,0.000000,1.568938,0.898304
PQ-SDC-M8-coarse,sdc,8,0,1,0,0,coarse-only,1.397461,0.129000,0.011870,0.000000,0.536970,0.845990,0.000000,1.417018,0.898304
PQ-SDC-M8-coarse,sdc,8,0,1,0,0,coarse-only,1.496117,0.129000,0.012540,0.000000,0.576100,0.903080,0.000000,1.364325,0.898304
PQ-SDC-M8-p100,sdc,8,100,1,0,0,nth-rerank,2.644347,0.459000,0.023480,0.000000,1.008210,1.572490,0.037100,1.688576,0.898304
PQ-SDC-M8-p100,sdc,8,100,1,0,0,nth-rerank,2.574170,0.459000,0.025460,0.000000,0.971860,1.537190,0.036060,1.937042,0.898304
PQ-SDC-M8-p100,sdc,8,100,1,0,0,nth-rerank,1.150324,0.459000,0.009550,0.000000,0.434350,0.683210,0.020980,1.571841,0.898304
PQ-SDC-M8-p500,sdc,8,500,1,0,0,nth-rerank,1.809440,0.740000,0.016380,0.000000,0.650670,1.037190,0.102530,1.467994,0.898304
PQ-SDC-M8-p500,sdc,8,500,1,0,0,nth-rerank,1.888944,0.740000,0.015280,0.000000,0.684320,1.080010,0.106530,1.293525,0.898304
PQ-SDC-M8-p500,sdc,8,500,1,0,0,nth-rerank,1.871673,0.740000,0.017960,0.000000,0.674880,1.070470,0.105000,1.476791,0.898304
PQ-SDC-M8-p1000,sdc,8,1000,1,0,0,nth-rerank,1.671161,0.841000,0.014370,0.000000,0.575170,0.914040,0.163900,1.443169,0.898304
PQ-SDC-M8-p1000,sdc,8,1000,1,0,0,nth-rerank,1.637796,0.841000,0.011610,0.000000,0.565070,0.883800,0.175610,1.375064,0.898304
PQ-SDC-M8-p1000,sdc,8,1000,1,0,0,nth-rerank,1.626756,0.841000,0.012560,0.000000,0.565130,0.879550,0.166210,1.393244,0.898304
PQ-SDC-M8-p2000,sdc,8,2000,1,0,0,nth-rerank,1.593714,0.921000,0.013110,0.000000,0.498060,0.774910,0.305440,1.541787,0.898304
PQ-SDC-M8-p2000,sdc,8,2000,1,0,0,nth-rerank,1.887300,0.921000,0.015710,0.000000,0.594690,0.939390,0.334790,1.455371,0.898304
PQ-SDC-M8-p2000,sdc,8,2000,1,0,0,nth-rerank,1.843840,0.921000,0.014560,0.000000,0.574520,0.924340,0.327140,1.487165,0.898304
PQ-SDC-M8-p5000,sdc,8,5000,1,0,0,nth-rerank,2.135363,0.969000,0.012530,0.000000,0.539100,0.847700,0.733810,1.599637,0.898304
PQ-SDC-M8-p5000,sdc,8,5000,1,0,0,nth-rerank,2.119085,0.969000,0.014050,0.000000,0.522740,0.838510,0.740680,1.507294,0.898304
PQ-SDC-M8-p5000,sdc,8,5000,1,0,0,nth-rerank,2.189697,0.969000,0.012780,0.000000,0.548500,0.876190,0.748480,1.487021,0.898304
PQ-SDC-M12-coarse,sdc,12,0,1,0,0,coarse-only,2.668644,0.231000,0.022980,0.000000,1.246530,1.388870,0.000000,1.742954,1.298304
PQ-SDC-M12-coarse,sdc,12,0,1,0,0,coarse-only,2.595100,0.231000,0.025110,0.000000,1.214440,1.347750,0.000000,1.715413,1.298304
PQ-SDC-M12-coarse,sdc,12,0,1,0,0,coarse-only,2.022464,0.231000,0.017560,0.000000,0.944920,1.053430,0.000000,1.768813,1.298304
PQ-SDC-M12-p100,sdc,12,100,1,0,0,nth-rerank,5.059177,0.634000,0.047460,0.000000,2.548990,2.379650,0.071120,6.227963,1.298304
PQ-SDC-M12-p100,sdc,12,100,1,0,0,nth-rerank,5.460953,0.634000,0.049500,0.000000,2.724840,2.616340,0.063240,6.210296,1.298304
PQ-SDC-M12-p100,sdc,12,100,1,0,0,nth-rerank,1.422644,0.634000,0.012000,0.000000,0.649950,0.733690,0.025130,2.947419,1.298304
PQ-SDC-M12-p500,sdc,12,500,1,0,0,nth-rerank,2.298525,0.912000,0.020100,0.000000,1.012600,1.130610,0.129760,1.851682,1.298304
PQ-SDC-M12-p500,sdc,12,500,1,0,0,nth-rerank,2.257938,0.912000,0.021940,0.000000,1.001160,1.108290,0.123390,1.895406,1.298304
PQ-SDC-M12-p500,sdc,12,500,1,0,0,nth-rerank,2.312584,0.912000,0.019910,0.000000,1.035250,1.133670,0.119260,1.946126,1.298304
PQ-SDC-M12-p1000,sdc,12,1000,1,0,0,nth-rerank,5.114631,0.960000,0.043260,0.000000,2.384570,2.234340,0.442890,6.014675,1.298304
PQ-SDC-M12-p1000,sdc,12,1000,1,0,0,nth-rerank,5.175502,0.960000,0.044370,0.000000,2.425930,2.229300,0.469370,6.196068,1.298304
PQ-SDC-M12-p1000,sdc,12,1000,1,0,0,nth-rerank,5.693062,0.960000,0.047050,0.000000,2.657930,2.492140,0.485240,6.274852,1.298304
PQ-SDC-M12-p2000,sdc,12,2000,1,0,0,nth-rerank,7.261368,0.991000,0.055130,0.000000,3.143570,2.967150,1.082370,6.980490,1.298304
PQ-SDC-M12-p2000,sdc,12,2000,1,0,0,nth-rerank,5.814546,0.991000,0.047780,0.000000,2.501960,2.324330,0.931680,6.891531,1.298304
PQ-SDC-M12-p2000,sdc,12,2000,1,0,0,nth-rerank,5.749603,0.991000,0.053460,0.000000,2.424110,2.391450,0.868990,6.319317,1.298304
PQ-SDC-M12-p5000,sdc,12,5000,1,0,0,nth-rerank,3.234985,0.997000,0.021310,0.000000,1.068030,1.227600,0.911110,1.249773,1.298304
PQ-SDC-M12-p5000,sdc,12,5000,1,0,0,nth-rerank,2.391350,0.997000,0.017330,0.000000,0.766160,0.852160,0.751820,1.434568,1.298304
PQ-SDC-M12-p5000,sdc,12,5000,1,0,0,nth-rerank,1.958743,0.997000,0.012650,0.000000,0.593200,0.665170,0.683750,1.372323,1.298304
PQ-SDC-M16-coarse,sdc,16,0,1,0,0,coarse-only,4.661977,0.324000,0.043740,0.000000,2.573240,2.030140,0.000000,1.892556,1.698304
PQ-SDC-M16-coarse,sdc,16,0,1,0,0,coarse-only,8.424133,0.324000,0.092770,0.000000,4.754960,3.549550,0.000000,8.658510,1.698304
PQ-SDC-M16-coarse,sdc,16,0,1,0,0,coarse-only,7.010354,0.324000,0.081220,0.000000,3.900540,2.997850,0.000000,8.607505,1.698304
PQ-SDC-M16-p100,sdc,16,100,1,0,0,nth-rerank,1.542532,0.810000,0.014540,0.000000,0.784460,0.716820,0.025220,1.463594,1.698304
PQ-SDC-M16-p100,sdc,16,100,1,0,0,nth-rerank,1.642035,0.810000,0.015430,0.000000,0.839050,0.759190,0.026070,1.377065,1.698304
PQ-SDC-M16-p100,sdc,16,100,1,0,0,nth-rerank,1.504094,0.810000,0.016270,0.000000,0.765810,0.692490,0.026810,1.354901,1.698304
PQ-SDC-M16-p500,sdc,16,500,1,0,0,nth-rerank,1.951122,0.980000,0.018850,0.000000,0.966450,0.855350,0.107830,1.611914,1.698304
PQ-SDC-M16-p500,sdc,16,500,1,0,0,nth-rerank,1.940822,0.980000,0.018300,0.000000,0.949930,0.866720,0.103220,1.834276,1.698304
PQ-SDC-M16-p500,sdc,16,500,1,0,0,nth-rerank,1.859434,0.980000,0.018460,0.000000,0.918390,0.822200,0.097010,1.671595,1.698304
PQ-SDC-M16-p1000,sdc,16,1000,1,0,0,nth-rerank,1.952821,0.997000,0.016170,0.000000,0.918100,0.842440,0.173760,1.726203,1.698304
PQ-SDC-M16-p1000,sdc,16,1000,1,0,0,nth-rerank,2.196291,0.997000,0.020880,0.000000,1.035760,0.943160,0.193290,1.771006,1.698304
PQ-SDC-M16-p1000,sdc,16,1000,1,0,0,nth-rerank,1.815736,0.997000,0.015000,0.000000,0.851680,0.776770,0.168940,1.543371,1.698304
PQ-SDC-M16-p2000,sdc,16,2000,1,0,0,nth-rerank,2.021105,0.999000,0.017380,0.000000,0.891630,0.796990,0.312490,1.655696,1.698304
PQ-SDC-M16-p2000,sdc,16,2000,1,0,0,nth-rerank,1.956338,0.999000,0.015420,0.000000,0.863260,0.805180,0.270130,1.701197,1.698304
PQ-SDC-M16-p2000,sdc,16,2000,1,0,0,nth-rerank,1.977572,0.999000,0.015900,0.000000,0.859190,0.790260,0.308490,1.603152,1.698304
PQ-SDC-M16-p5000,sdc,16,5000,1,0,0,nth-rerank,2.592072,1.000000,0.018770,0.000000,0.956280,0.872090,0.741030,1.720585,1.698304
PQ-SDC-M16-p5000,sdc,16,5000,1,0,0,nth-rerank,2.926395,1.000000,0.021450,0.000000,1.097900,1.009910,0.793220,1.781435,1.698304
PQ-SDC-M16-p5000,sdc,16,5000,1,0,0,nth-rerank,2.825706,1.000000,0.019160,0.000000,1.049930,0.989250,0.763090,1.863235,1.698304
FastScan-ADC-M16-p500-b16,fsadc,16,500,1,0,16,u8lut-block,2.128896,1.000000,0.000000,0.032410,1.100510,0.891660,0.101420,1.888144,3.298304
FastScan-ADC-M16-p500-b16,fsadc,16,500,1,0,16,u8lut-block,2.363170,1.000000,0.000000,0.034710,1.220780,0.993020,0.110630,1.946878,3.298304
FastScan-ADC-M16-p500-b16,fsadc,16,500,1,0,16,u8lut-block,2.393734,1.000000,0.000000,0.035020,1.242580,0.990150,0.120980,1.810285,3.298304
FastScan-ADC-M16-p500-b32,fsadc,16,500,1,0,32,u8lut-block,2.233316,1.000000,0.000000,0.039370,1.029150,1.046920,0.113540,1.876595,3.298304
FastScan-ADC-M16-p500-b32,fsadc,16,500,1,0,32,u8lut-block,1.886278,1.000000,0.000000,0.031560,0.873630,0.881090,0.097660,1.827348,3.298304
FastScan-ADC-M16-p500-b32,fsadc,16,500,1,0,32,u8lut-block,1.779344,1.000000,0.000000,0.030310,0.826980,0.821260,0.097440,1.694369,3.298304
FastScan-ADC-M16-p500-b64,fsadc,16,500,1,0,64,u8lut-block,2.098833,1.000000,0.000000,0.034870,0.975060,0.977760,0.108170,1.898873,3.298816
FastScan-ADC-M16-p500-b64,fsadc,16,500,1,0,64,u8lut-block,1.952808,1.000000,0.000000,0.031810,0.900340,0.929740,0.086810,1.810645,3.298816
FastScan-ADC-M16-p500-b64,fsadc,16,500,1,0,64,u8lut-block,1.897143,1.000000,0.000000,0.032080,0.879650,0.885120,0.097310,1.806829,3.298816
FastScan-ADC-M16-p500-b128,fsadc,16,500,1,0,128,u8lut-block,1.949239,1.000000,0.000000,0.035180,0.908720,0.900580,0.101150,1.816139,3.299840
FastScan-ADC-M16-p500-b128,fsadc,16,500,1,0,128,u8lut-block,2.413399,1.000000,0.000000,0.042100,1.095480,1.139280,0.132080,1.832881,3.299840
FastScan-ADC-M16-p500-b128,fsadc,16,500,1,0,128,u8lut-block,2.149331,1.000000,0.000000,0.037010,0.975490,1.019850,0.114460,1.912356,3.299840
FastScan-ADC-M16-p1000-b16,fsadc,16,1000,1,0,16,u8lut-block,2.321909,1.000000,0.000000,0.034520,1.160840,0.931630,0.188860,1.912420,3.298304
FastScan-ADC-M16-p1000-b16,fsadc,16,1000,1,0,16,u8lut-block,2.346388,1.000000,0.000000,0.036440,1.174160,0.948270,0.184490,1.899983,3.298304
FastScan-ADC-M16-p1000-b16,fsadc,16,1000,1,0,16,u8lut-block,2.476489,1.000000,0.000000,0.037300,1.215470,1.000690,0.218570,1.882635,3.298304
FastScan-ADC-M16-p1000-b32,fsadc,16,1000,1,0,32,u8lut-block,2.135392,1.000000,0.000000,0.034460,0.949530,0.956730,0.190780,1.814942,3.298304
FastScan-ADC-M16-p1000-b32,fsadc,16,1000,1,0,32,u8lut-block,2.255286,1.000000,0.000000,0.037570,1.001310,1.016440,0.195540,2.008527,3.298304
FastScan-ADC-M16-p1000-b32,fsadc,16,1000,1,0,32,u8lut-block,5.595955,1.000000,0.000000,0.086790,2.730160,2.326010,0.440220,1.924770,3.298304
FastScan-ADC-M16-p1000-b64,fsadc,16,1000,1,0,64,u8lut-block,1.935180,1.000000,0.000000,0.031170,0.863120,0.865890,0.172020,1.931511,3.298816
FastScan-ADC-M16-p1000-b64,fsadc,16,1000,1,0,64,u8lut-block,2.534143,1.000000,0.000000,0.041570,1.150830,1.129490,0.207840,1.742691,3.298816
FastScan-ADC-M16-p1000-b64,fsadc,16,1000,1,0,64,u8lut-block,2.790515,1.000000,0.000000,0.044770,1.240800,1.242750,0.256310,1.943907,3.298816
FastScan-ADC-M16-p1000-b128,fsadc,16,1000,1,0,128,u8lut-block,1.966022,1.000000,0.000000,0.031950,0.849850,0.901610,0.179920,1.762410,3.299840
FastScan-ADC-M16-p1000-b128,fsadc,16,1000,1,0,128,u8lut-block,2.050765,1.000000,0.000000,0.032840,0.878470,0.947200,0.189460,1.787776,3.299840
FastScan-ADC-M16-p1000-b128,fsadc,16,1000,1,0,128,u8lut-block,1.560537,1.000000,0.000000,0.025130,0.669790,0.704720,0.158310,1.869477,3.299840
FastScan-ADC-M16-p1500-b16,fsadc,16,1500,1,0,16,u8lut-block,2.022358,1.000000,0.000000,0.028040,0.967870,0.784060,0.239510,1.949078,3.298304
FastScan-ADC-M16-p1500-b16,fsadc,16,1500,1,0,16,u8lut-block,2.511836,1.000000,0.000000,0.036260,1.220430,0.974580,0.273640,1.793939,3.298304
FastScan-ADC-M16-p1500-b16,fsadc,16,1500,1,0,16,u8lut-block,2.056208,1.000000,0.000000,0.029840,0.982810,0.795610,0.244290,1.899002,3.298304
FastScan-ADC-M16-p1500-b32,fsadc,16,1500,1,0,32,u8lut-block,2.312345,1.000000,0.000000,0.037030,0.995240,0.997170,0.278480,1.798336,3.298304
FastScan-ADC-M16-p1500-b32,fsadc,16,1500,1,0,32,u8lut-block,2.408249,1.000000,0.000000,0.037400,1.051920,1.037150,0.277010,1.667551,3.298304
FastScan-ADC-M16-p1500-b32,fsadc,16,1500,1,0,32,u8lut-block,2.599047,1.000000,0.000000,0.042060,1.140970,1.112800,0.298000,1.857486,3.298304
FastScan-ADC-M16-p1500-b64,fsadc,16,1500,1,0,64,u8lut-block,1.802715,1.000000,0.000000,0.029500,0.757410,0.768380,0.243910,1.931253,3.298816
FastScan-ADC-M16-p1500-b64,fsadc,16,1500,1,0,64,u8lut-block,2.155564,1.000000,0.000000,0.032930,0.930600,0.930260,0.257260,1.715694,3.298816
FastScan-ADC-M16-p1500-b64,fsadc,16,1500,1,0,64,u8lut-block,2.114219,1.000000,0.000000,0.032180,0.904930,0.912010,0.262290,1.797589,3.298816
FastScan-ADC-M16-p1500-b128,fsadc,16,1500,1,0,128,u8lut-block,2.190134,1.000000,0.000000,0.035610,0.916940,0.960730,0.273110,1.851949,3.299840
FastScan-ADC-M16-p1500-b128,fsadc,16,1500,1,0,128,u8lut-block,2.108757,1.000000,0.000000,0.032230,0.867420,0.925130,0.280460,1.875766,3.299840
FastScan-ADC-M16-p1500-b128,fsadc,16,1500,1,0,128,u8lut-block,2.083605,1.000000,0.000000,0.032530,0.868140,0.917330,0.261520,1.772758,3.299840
FastScan-ADC-M16-p2000-b16,fsadc,16,2000,1,0,16,u8lut-block,2.485669,1.000000,0.000000,0.034880,1.161260,0.935590,0.349310,1.801700,3.298304
FastScan-ADC-M16-p2000-b16,fsadc,16,2000,1,0,16,u8lut-block,2.510072,1.000000,0.000000,0.033540,1.158340,0.951470,0.363520,1.866595,3.298304
FastScan-ADC-M16-p2000-b16,fsadc,16,2000,1,0,16,u8lut-block,2.542814,1.000000,0.000000,0.034790,1.206920,0.960210,0.336510,1.873401,3.298304
FastScan-ADC-M16-p2000-b32,fsadc,16,2000,1,0,32,u8lut-block,2.359776,1.000000,0.000000,0.036830,0.951120,0.991060,0.377520,1.952529,3.298304
FastScan-ADC-M16-p2000-b32,fsadc,16,2000,1,0,32,u8lut-block,2.525579,1.000000,0.000000,0.039230,1.034580,1.042750,0.404670,2.049453,3.298304
FastScan-ADC-M16-p2000-b32,fsadc,16,2000,1,0,32,u8lut-block,2.820664,1.000000,0.000000,0.042880,1.141920,1.183060,0.446520,2.049947,3.298304
FastScan-ADC-M16-p2000-b64,fsadc,16,2000,1,0,64,u8lut-block,6.802499,1.000000,0.000000,0.095190,3.271520,2.421050,1.003130,6.393455,3.298816
FastScan-ADC-M16-p2000-b64,fsadc,16,2000,1,0,64,u8lut-block,6.684668,1.000000,0.000000,0.093230,3.240780,2.472710,0.866170,6.547213,3.298816
FastScan-ADC-M16-p2000-b64,fsadc,16,2000,1,0,64,u8lut-block,6.571467,1.000000,0.000000,0.088370,3.142340,2.389060,0.939130,6.864552,3.298816
FastScan-ADC-M16-p2000-b128,fsadc,16,2000,1,0,128,u8lut-block,6.654493,1.000000,0.000000,0.096400,3.066460,2.470680,1.008610,7.069914,3.299840
FastScan-ADC-M16-p2000-b128,fsadc,16,2000,1,0,128,u8lut-block,6.380446,1.000000,0.000000,0.090630,2.972260,2.372320,0.934210,7.305633,3.299840
FastScan-ADC-M16-p2000-b128,fsadc,16,2000,1,0,128,u8lut-block,6.268187,1.000000,0.000000,0.086470,2.908850,2.326380,0.935630,7.211923,3.299840
