experiment,method,kernel,platform,mpi_size,nodes,ppn,nthreads,thread_model,comm,nbase,nq,k,nlist,nprobe,ef,latency_ms,recall@100,build_sec,distribute_ms,search_ms,comm_ms,merge_ms,total_ms,work_imbalance,mpi_thread_required,mpi_thread_provided,notes
MPI-ANN,flat,simd,x86_or_cluster,1,1,1,1,stdthread,blocking,50000,300,100,512,512,64,2.860653,0.502733,0.000005,109.105587,851.998568,0.226021,5.970716,858.196020,1.000000,1,1,flat-comm=blocking-tm=stdthread-kernel=simd-nl=512-npb=512-ef=64;quick
MPI-ANN,ivf,simd,x86_or_cluster,1,1,1,1,stdthread,blocking,50000,300,100,512,16,64,0.461133,0.450567,4.244452,66.905022,132.010937,0.180006,6.148100,138.339996,1.000000,1,1,ivf-comm=blocking-tm=stdthread-kernel=simd-nl=512-npb=16-ef=64;quick
MPI-ANN,ivf,simd,x86_or_cluster,1,1,1,1,stdthread,blocking,50000,300,100,512,32,64,0.786314,0.478400,4.260850,51.674843,229.540110,0.244617,6.108522,235.894203,1.000000,1,1,ivf-comm=blocking-tm=stdthread-kernel=simd-nl=512-npb=32-ef=64;quick
MPI-ANN,ivf,simd,x86_or_cluster,1,1,1,1,stdthread,blocking,50000,300,100,512,64,64,1.243756,0.493700,4.254229,53.703308,366.828203,0.159025,6.138563,373.126745,1.000000,1,1,ivf-comm=blocking-tm=stdthread-kernel=simd-nl=512-npb=64-ef=64;quick
MPI-ANN,flat,simd,x86_or_cluster,2,1,2,1,stdthread,blocking,50000,300,100,512,512,64,1.375982,0.502733,0.000003,46.930075,405.464172,15.866041,6.794453,412.794590,1.000000,1,1,flat-comm=blocking-tm=stdthread-kernel=simd-nl=512-npb=512-ef=64;quick
MPI-ANN,ivf,simd,x86_or_cluster,2,1,2,1,stdthread,blocking,50000,300,100,512,16,64,0.219692,0.452300,2.122518,60.703754,58.757544,1.000166,6.756067,65.907478,1.020126,1,1,ivf-comm=blocking-tm=stdthread-kernel=simd-nl=512-npb=16-ef=64;quick
MPI-ANN,ivf,simd,x86_or_cluster,2,1,2,1,stdthread,blocking,50000,300,100,512,32,64,0.410556,0.480933,2.099192,45.927525,115.774155,24.036884,6.836414,123.166800,1.022726,1,1,ivf-comm=blocking-tm=stdthread-kernel=simd-nl=512-npb=32-ef=64;quick
MPI-ANN,ivf,simd,x86_or_cluster,2,1,2,1,stdthread,blocking,50000,300,100,512,64,64,0.587434,0.494900,2.113370,47.993660,169.205666,19.610405,6.834269,176.230192,1.013086,1,1,ivf-comm=blocking-tm=stdthread-kernel=simd-nl=512-npb=64-ef=64;quick
MPI-ANN,flat,simd,x86_or_cluster,4,1,4,1,stdthread,blocking,50000,300,100,512,512,64,0.598657,0.502733,0.000002,60.421705,170.378923,5.018711,8.283138,179.597139,1.000000,1,1,flat-comm=blocking-tm=stdthread-kernel=simd-nl=512-npb=512-ef=64;quick
MPI-ANN,ivf,simd,x86_or_cluster,4,1,4,1,stdthread,blocking,50000,300,100,512,16,64,0.137371,0.456167,1.052013,43.407202,31.927109,5.153418,8.367538,41.211367,1.010577,1,1,ivf-comm=blocking-tm=stdthread-kernel=simd-nl=512-npb=16-ef=64;quick
MPI-ANN,ivf,simd,x86_or_cluster,4,1,4,1,stdthread,blocking,50000,300,100,512,32,64,0.197008,0.482800,1.063065,44.399261,50.564528,9.732723,8.249760,59.102297,1.027334,1,1,ivf-comm=blocking-tm=stdthread-kernel=simd-nl=512-npb=32-ef=64;quick
MPI-ANN,ivf,simd,x86_or_cluster,4,1,4,1,stdthread,blocking,50000,300,100,512,64,64,0.292858,0.495333,1.052431,45.155287,79.204798,14.043808,8.233786,87.857485,1.015314,1,1,ivf-comm=blocking-tm=stdthread-kernel=simd-nl=512-npb=64-ef=64;quick
MPI-ANN,flat,simd,x86_or_cluster,1,1,1,1,stdthread,blocking,50000,300,100,512,512,64,2.934328,0.502733,0.000002,66.466570,873.986244,0.274420,6.036043,880.298376,1.000000,1,1,flat-comm=blocking-tm=stdthread-kernel=simd-nl=512-npb=512-ef=64;quick
MPI-ANN,ivf,simd,x86_or_cluster,1,1,1,1,stdthread,blocking,50000,300,100,512,16,64,0.442211,0.450567,4.238672,52.711487,126.467466,0.140429,6.055117,132.663250,1.000000,1,1,ivf-comm=blocking-tm=stdthread-kernel=simd-nl=512-npb=16-ef=64;quick
MPI-ANN,ivf,simd,x86_or_cluster,1,1,1,1,stdthread,blocking,50000,300,100,512,32,64,0.801158,0.478400,4.253115,64.470053,234.044552,0.236750,6.064653,240.347385,1.000000,1,1,ivf-comm=blocking-tm=stdthread-kernel=simd-nl=512-npb=32-ef=64;quick
MPI-ANN,ivf,simd,x86_or_cluster,1,1,1,1,stdthread,blocking,50000,300,100,512,64,64,1.228844,0.493700,4.272786,51.743507,362.421513,0.135422,6.095648,368.653297,1.000000,1,1,ivf-comm=blocking-tm=stdthread-kernel=simd-nl=512-npb=64-ef=64;quick
MPI-ANN,flat,simd,x86_or_cluster,2,1,2,1,stdthread,blocking,50000,300,100,512,512,64,1.340464,0.502733,0.000002,48.517942,394.975662,20.957470,6.764412,402.139187,1.000000,1,1,flat-comm=blocking-tm=stdthread-kernel=simd-nl=512-npb=512-ef=64;quick
MPI-ANN,ivf,simd,x86_or_cluster,2,1,2,1,stdthread,blocking,50000,300,100,512,16,64,0.250624,0.452300,2.120007,63.821077,67.715406,7.364750,6.923437,75.187206,1.020126,1,1,ivf-comm=blocking-tm=stdthread-kernel=simd-nl=512-npb=16-ef=64;quick
MPI-ANN,ivf,simd,x86_or_cluster,2,1,2,1,stdthread,blocking,50000,300,100,512,32,64,0.368307,0.480933,2.107982,48.976898,103.390932,11.228800,6.924391,110.492229,1.022726,1,1,ivf-comm=blocking-tm=stdthread-kernel=simd-nl=512-npb=32-ef=64;quick
MPI-ANN,ivf,simd,x86_or_cluster,2,1,2,1,stdthread,blocking,50000,300,100,512,64,64,0.606786,0.494900,2.264663,47.222853,174.985886,27.405024,6.850004,182.035685,1.013086,1,1,ivf-comm=blocking-tm=stdthread-kernel=simd-nl=512-npb=64-ef=64;quick
MPI-ANN,flat,simd,x86_or_cluster,4,1,4,1,stdthread,blocking,50000,300,100,512,512,64,0.694184,0.502733,0.000003,59.976339,199.110508,34.794569,8.266211,208.255053,1.000000,1,1,flat-comm=blocking-tm=stdthread-kernel=simd-nl=512-npb=512-ef=64;quick
MPI-ANN,ivf,simd,x86_or_cluster,4,1,4,1,stdthread,blocking,50000,300,100,512,16,64,0.133217,0.456167,1.053782,45.287371,31.349659,4.163027,8.230925,39.965153,1.010577,1,1,ivf-comm=blocking-tm=stdthread-kernel=simd-nl=512-npb=16-ef=64;quick
MPI-ANN,ivf,simd,x86_or_cluster,4,1,4,1,stdthread,blocking,50000,300,100,512,32,64,0.206402,0.482800,1.048619,58.361769,52.588940,12.703896,8.365870,61.920643,1.027334,1,1,ivf-comm=blocking-tm=stdthread-kernel=simd-nl=512-npb=32-ef=64;quick
MPI-ANN,ivf,simd,x86_or_cluster,4,1,4,1,stdthread,blocking,50000,300,100,512,64,64,0.307580,0.495333,1.060649,44.630289,82.436800,18.786430,8.764267,92.273951,1.015314,1,1,ivf-comm=blocking-tm=stdthread-kernel=simd-nl=512-npb=64-ef=64;quick
MPI-ANN,flat,simd,x86_or_cluster,1,1,1,1,stdthread,blocking,50000,300,100,512,512,64,3.014331,0.502733,0.000001,52.574873,898.092270,0.210047,5.996466,904.299259,1.000000,1,1,flat-comm=blocking-tm=stdthread-kernel=simd-nl=512-npb=512-ef=64;quick
MPI-ANN,ivf,simd,x86_or_cluster,1,1,1,1,stdthread,blocking,50000,300,100,512,16,64,0.502012,0.450567,4.236154,67.808390,144.351006,0.230074,6.021023,150.603533,1.000000,1,1,ivf-comm=blocking-tm=stdthread-kernel=simd-nl=512-npb=16-ef=64;quick
MPI-ANN,ivf,simd,x86_or_cluster,1,1,1,1,stdthread,blocking,50000,300,100,512,32,64,0.712887,0.478400,4.239653,61.441660,207.645416,0.142097,6.077528,213.865995,1.000000,1,1,ivf-comm=blocking-tm=stdthread-kernel=simd-nl=512-npb=32-ef=64;quick
MPI-ANN,ivf,simd,x86_or_cluster,1,1,1,1,stdthread,blocking,50000,300,100,512,64,64,1.303569,0.493700,4.263932,69.104433,384.728909,0.227213,6.114244,391.070843,1.000000,1,1,ivf-comm=blocking-tm=stdthread-kernel=simd-nl=512-npb=64-ef=64;quick
MPI-ANN,flat,simd,x86_or_cluster,2,1,2,1,stdthread,blocking,50000,300,100,512,512,64,1.317047,0.502733,0.000003,47.672510,388.089895,8.811951,6.865025,395.114183,1.000000,1,1,flat-comm=blocking-tm=stdthread-kernel=simd-nl=512-npb=512-ef=64;quick
MPI-ANN,ivf,simd,x86_or_cluster,2,1,2,1,stdthread,blocking,50000,300,100,512,16,64,0.237925,0.452300,2.106286,62.983513,63.961983,5.941868,6.905317,71.377516,1.020126,1,1,ivf-comm=blocking-tm=stdthread-kernel=simd-nl=512-npb=16-ef=64;quick
MPI-ANN,ivf,simd,x86_or_cluster,2,1,2,1,stdthread,blocking,50000,300,100,512,32,64,0.362427,0.480933,2.103374,61.031818,101.713657,2.774477,6.822586,108.728170,1.022726,1,1,ivf-comm=blocking-tm=stdthread-kernel=simd-nl=512-npb=32-ef=64;quick
MPI-ANN,ivf,simd,x86_or_cluster,2,1,2,1,stdthread,blocking,50000,300,100,512,64,64,0.583126,0.494900,2.120466,61.078072,167.591333,12.317896,6.872654,174.937725,1.013086,1,1,ivf-comm=blocking-tm=stdthread-kernel=simd-nl=512-npb=64-ef=64;quick
MPI-ANN,flat,simd,x86_or_cluster,4,1,4,1,stdthread,blocking,50000,300,100,512,512,64,0.599330,0.502733,0.000003,60.373545,170.530081,6.072283,8.364439,179.799080,1.000000,1,1,flat-comm=blocking-tm=stdthread-kernel=simd-nl=512-npb=512-ef=64;quick
MPI-ANN,ivf,simd,x86_or_cluster,4,1,4,1,stdthread,blocking,50000,300,100,512,16,64,0.140686,0.456167,1.053054,60.878992,32.990694,6.179333,8.341312,42.205811,1.010577,1,1,ivf-comm=blocking-tm=stdthread-kernel=simd-nl=512-npb=16-ef=64;quick
MPI-ANN,ivf,simd,x86_or_cluster,4,1,4,1,stdthread,blocking,50000,300,100,512,32,64,0.202994,0.482800,1.073401,62.146664,51.732063,9.881258,8.316040,60.898304,1.027334,1,1,ivf-comm=blocking-tm=stdthread-kernel=simd-nl=512-npb=32-ef=64;quick
MPI-ANN,ivf,simd,x86_or_cluster,4,1,4,1,stdthread,blocking,50000,300,100,512,64,64,0.297642,0.495333,1.052964,59.599638,80.115080,15.649557,8.276701,89.292526,1.015314,1,1,ivf-comm=blocking-tm=stdthread-kernel=simd-nl=512-npb=64-ef=64;quick
MPI-ANN,ivf,simd,x86_or_cluster,1,1,1,1,stdthread,blocking,50000,300,100,512,64,64,1.270193,0.493700,4.235310,51.421881,374.864340,0.182152,6.010771,381.057978,1.000000,1,1,ivf-comm=blocking-tm=stdthread-kernel=simd-nl=512-npb=64-ef=64;quick
MPI-ANN,ivf,simd,x86_or_cluster,1,1,1,1,stdthread,nonblocking,50000,300,100,512,64,64,1.295203,0.493700,4.249746,51.213980,382.202864,0.310421,6.046295,388.561010,1.000000,1,1,ivf-comm=nonblocking-tm=stdthread-kernel=simd-nl=512-npb=64-ef=64;quick
MPI-ANN,ivf,simd,x86_or_cluster,1,1,1,1,stdthread,p2p,50000,300,100,512,64,64,1.264366,0.493700,4.243144,67.680836,373.015881,0.190258,6.101608,379.309654,1.000000,1,1,ivf-comm=p2p-tm=stdthread-kernel=simd-nl=512-npb=64-ef=64;quick
MPI-ANN,ivf,simd,x86_or_cluster,1,1,1,1,stdthread,onesided,50000,300,100,512,64,64,1.259673,0.493700,4.255388,54.021597,371.282578,0.590801,6.027937,377.902031,1.000000,1,1,ivf-comm=onesided-tm=stdthread-kernel=simd-nl=512-npb=64-ef=64;quick
MPI-ANN,ivf,simd,x86_or_cluster,1,1,1,1,openmp,nonblocking,50000,300,100,512,64,64,1.294670,0.493700,4.266046,51.867247,381.958723,0.275135,6.165981,388.401031,1.000000,1,1,ivf-comm=nonblocking-tm=openmp-kernel=simd-nl=512-npb=64-ef=64;quick
MPI-ANN,hnsw,simd,x86_or_cluster,1,1,1,1,openmp,nonblocking,50000,300,100,512,64,64,0.481114,0.491833,22.482967,51.185369,138.144016,0.242472,5.946636,144.334078,1.000000,1,1,hnsw-comm=nonblocking-tm=openmp-kernel=simd-nl=512-npb=64-ef=64;quick
MPI-ANN,hnsw,simd,x86_or_cluster,1,1,1,1,stdthread,nonblocking,50000,300,100,512,64,64,0.504467,0.491833,22.481654,69.430351,144.941807,0.323534,6.074190,151.340008,1.000000,1,1,hnsw-comm=nonblocking-tm=stdthread-kernel=simd-nl=512-npb=64-ef=64;quick
MPI-ANN,ivf,simd,x86_or_cluster,1,1,1,2,openmp,nonblocking,50000,300,100,512,64,64,0.712063,0.493700,4.254515,50.899267,207.092047,0.179529,6.346703,213.618994,1.000000,1,1,ivf-comm=nonblocking-tm=openmp-kernel=simd-nl=512-npb=64-ef=64;quick
MPI-ANN,hnsw,simd,x86_or_cluster,1,1,1,2,openmp,nonblocking,50000,300,100,512,64,64,0.258888,0.491833,22.615720,52.364826,71.240902,0.233889,6.191015,77.666521,1.000000,1,1,hnsw-comm=nonblocking-tm=openmp-kernel=simd-nl=512-npb=64-ef=64;quick
MPI-ANN,hnsw,simd,x86_or_cluster,1,1,1,2,stdthread,nonblocking,50000,300,100,512,64,64,0.289194,0.491833,22.081741,68.312645,80.177069,0.312567,6.268024,86.758137,1.000000,1,1,hnsw-comm=nonblocking-tm=stdthread-kernel=simd-nl=512-npb=64-ef=64;quick
MPI-ANN,ivf,simd,x86_or_cluster,1,1,1,1,stdthread,nonblocking,50000,300,100,512,64,64,1.180269,0.493700,4.268716,52.288294,347.810745,0.202894,6.066322,354.080677,1.000000,3,3,ivf-comm=nonblocking-tm=stdthread-kernel=simd-nl=512-npb=64-ef=64;quick
MPI-ANN,flat,scalar,x86_or_cluster,1,1,1,1,stdthread,blocking,50000,300,100,512,512,64,8.225710,0.502733,0.000002,49.131393,2461.427450,0.287056,5.997181,2467.713118,1.000000,1,1,flat-comm=blocking-tm=stdthread-kernel=scalar-nl=512-npb=512-ef=64;quick
MPI-ANN,ivf,scalar,x86_or_cluster,1,1,1,1,stdthread,blocking,50000,300,100,512,64,64,2.237884,0.493700,21.671234,51.107407,664.833784,0.161886,6.368399,671.365261,1.000000,1,1,ivf-comm=blocking-tm=stdthread-kernel=scalar-nl=512-npb=64-ef=64;quick
MPI-ANN,ivf,simd,x86_or_cluster,2,1,2,1,stdthread,blocking,50000,300,100,512,64,64,0.579543,0.494900,2.107240,63.302755,166.531324,5.894423,6.851673,173.862934,1.013086,1,1,ivf-comm=blocking-tm=stdthread-kernel=simd-nl=512-npb=64-ef=64;quick
MPI-ANN,ivf,simd,x86_or_cluster,2,1,2,1,stdthread,nonblocking,50000,300,100,512,64,64,0.574421,0.494900,2.104225,47.706127,164.995432,19.988775,6.827831,172.326326,1.013086,1,1,ivf-comm=nonblocking-tm=stdthread-kernel=simd-nl=512-npb=64-ef=64;quick
MPI-ANN,ivf,simd,x86_or_cluster,2,1,2,1,stdthread,p2p,50000,300,100,512,64,64,0.583892,0.494900,2.112636,61.919212,167.888880,0.646353,6.804705,175.167561,1.013086,1,1,ivf-comm=p2p-tm=stdthread-kernel=simd-nl=512-npb=64-ef=64;quick
MPI-ANN,ivf,simd,x86_or_cluster,2,1,2,1,stdthread,onesided,50000,300,100,512,64,64,0.530186,0.494900,2.117572,47.899961,151.046276,2.405643,6.757498,159.055948,1.013086,1,1,ivf-comm=onesided-tm=stdthread-kernel=simd-nl=512-npb=64-ef=64;quick
MPI-ANN,ivf,simd,x86_or_cluster,2,1,2,1,openmp,nonblocking,50000,300,100,512,64,64,0.532964,0.494900,2.095287,44.600487,152.975798,3.970146,6.761551,159.889221,1.013086,1,1,ivf-comm=nonblocking-tm=openmp-kernel=simd-nl=512-npb=64-ef=64;quick
MPI-ANN,hnsw,simd,x86_or_cluster,2,1,2,1,openmp,nonblocking,50000,300,100,512,64,64,0.390915,0.498967,9.035756,47.385216,110.353947,5.282164,6.746292,117.274523,1.000000,1,1,hnsw-comm=nonblocking-tm=openmp-kernel=simd-nl=512-npb=64-ef=64;quick
MPI-ANN,hnsw,simd,x86_or_cluster,2,1,2,1,stdthread,nonblocking,50000,300,100,512,64,64,0.428975,0.498967,9.008826,49.417734,121.821880,9.909868,6.672382,128.692627,1.000000,1,1,hnsw-comm=nonblocking-tm=stdthread-kernel=simd-nl=512-npb=64-ef=64;quick
MPI-ANN,ivf,simd,x86_or_cluster,2,1,2,2,openmp,nonblocking,50000,300,100,512,64,64,0.332251,0.494900,2.097324,65.031290,91.955900,1.879930,7.155657,99.675417,1.013086,1,1,ivf-comm=nonblocking-tm=openmp-kernel=simd-nl=512-npb=64-ef=64;quick
MPI-ANN,hnsw,simd,x86_or_cluster,2,1,2,2,openmp,nonblocking,50000,300,100,512,64,64,0.247021,0.498967,9.220647,47.037840,66.956043,3.897667,6.931543,74.106216,1.000000,1,1,hnsw-comm=nonblocking-tm=openmp-kernel=simd-nl=512-npb=64-ef=64;quick
MPI-ANN,hnsw,simd,x86_or_cluster,2,1,2,2,stdthread,nonblocking,50000,300,100,512,64,64,0.260664,0.498967,8.985974,46.516180,71.070433,2.102613,6.891727,78.199148,1.000000,1,1,hnsw-comm=nonblocking-tm=stdthread-kernel=simd-nl=512-npb=64-ef=64;quick
MPI-ANN,ivf,simd,x86_or_cluster,2,1,2,1,stdthread,nonblocking,50000,300,100,512,64,64,0.591979,0.494900,2.109131,62.967062,170.190096,21.672487,6.872177,177.593708,1.013086,3,3,ivf-comm=nonblocking-tm=stdthread-kernel=simd-nl=512-npb=64-ef=64;quick
MPI-ANN,flat,scalar,x86_or_cluster,2,1,2,1,stdthread,blocking,50000,300,100,512,512,64,4.047697,0.502733,0.000003,59.752703,1207.202435,15.102625,6.851673,1214.308977,1.000000,1,1,flat-comm=blocking-tm=stdthread-kernel=scalar-nl=512-npb=512-ef=64;quick
MPI-ANN,ivf,scalar,x86_or_cluster,2,1,2,1,stdthread,blocking,50000,300,100,512,64,64,1.067676,0.494900,10.669085,47.000170,313.250303,11.603117,6.881237,320.302725,1.013086,1,1,ivf-comm=blocking-tm=stdthread-kernel=scalar-nl=512-npb=64-ef=64;quick
MPI-ANN,ivf,simd,x86_or_cluster,4,1,4,1,stdthread,blocking,50000,300,100,512,64,64,0.296230,0.495333,1.052481,58.481932,80.156326,15.434980,8.310080,88.868856,1.015314,1,1,ivf-comm=blocking-tm=stdthread-kernel=simd-nl=512-npb=64-ef=64;quick
MPI-ANN,ivf,simd,x86_or_cluster,4,1,4,1,stdthread,nonblocking,50000,300,100,512,64,64,0.288043,0.495333,1.055478,44.235229,77.814579,14.331341,8.255959,86.412907,1.015314,1,1,ivf-comm=nonblocking-tm=stdthread-kernel=simd-nl=512-npb=64-ef=64;quick
MPI-ANN,ivf,simd,x86_or_cluster,4,1,4,1,stdthread,p2p,50000,300,100,512,64,64,0.303582,0.495333,1.045302,60.317278,81.785202,18.220186,8.365393,91.074705,1.015314,1,1,ivf-comm=p2p-tm=stdthread-kernel=simd-nl=512-npb=64-ef=64;quick
MPI-ANN,ivf,simd,x86_or_cluster,4,1,4,1,stdthread,onesided,50000,300,100,512,64,64,0.297706,0.495333,1.049465,45.058966,79.746962,15.575886,8.303165,89.311838,1.015314,1,1,ivf-comm=onesided-tm=stdthread-kernel=simd-nl=512-npb=64-ef=64;quick
MPI-ANN,ivf,simd,x86_or_cluster,4,1,4,1,openmp,nonblocking,50000,300,100,512,64,64,0.295279,0.495333,1.048264,44.475555,79.819679,14.647245,8.363724,88.583708,1.015314,1,1,ivf-comm=nonblocking-tm=openmp-kernel=simd-nl=512-npb=64-ef=64;quick
MPI-ANN,hnsw,simd,x86_or_cluster,4,1,4,1,openmp,nonblocking,50000,300,100,512,64,64,0.333571,0.501500,3.892089,45.871973,91.499090,4.693031,8.196354,100.071430,1.000000,1,1,hnsw-comm=nonblocking-tm=openmp-kernel=simd-nl=512-npb=64-ef=64;quick
MPI-ANN,hnsw,simd,x86_or_cluster,4,1,4,1,stdthread,nonblocking,50000,300,100,512,64,64,0.329188,0.501500,3.837557,59.387922,90.024710,1.635075,8.268833,98.756313,1.000000,1,1,hnsw-comm=nonblocking-tm=stdthread-kernel=simd-nl=512-npb=64-ef=64;quick
MPI-ANN,ivf,simd,x86_or_cluster,4,1,4,2,openmp,nonblocking,50000,300,100,512,64,64,0.206543,0.495333,1.048123,45.943975,53.146839,15.920639,8.457899,61.962843,1.015314,1,1,ivf-comm=nonblocking-tm=openmp-kernel=simd-nl=512-npb=64-ef=64;quick
MPI-ANN,hnsw,simd,x86_or_cluster,4,1,4,2,openmp,nonblocking,50000,300,100,512,64,64,0.249188,0.501500,3.841581,44.724464,65.789461,21.395683,8.556843,74.756384,1.000000,1,1,hnsw-comm=nonblocking-tm=openmp-kernel=simd-nl=512-npb=64-ef=64;quick
MPI-ANN,hnsw,simd,x86_or_cluster,4,1,4,2,stdthread,nonblocking,50000,300,100,512,64,64,0.241183,0.501500,3.867501,61.294556,63.286066,6.834030,8.472443,72.354794,1.000000,1,1,hnsw-comm=nonblocking-tm=stdthread-kernel=simd-nl=512-npb=64-ef=64;quick
MPI-ANN,ivf,simd,x86_or_cluster,4,1,4,1,stdthread,nonblocking,50000,300,100,512,64,64,0.296642,0.495333,1.051153,45.520067,80.345154,15.225887,8.316278,88.992596,1.015314,3,3,ivf-comm=nonblocking-tm=stdthread-kernel=simd-nl=512-npb=64-ef=64;quick
MPI-ANN,flat,scalar,x86_or_cluster,4,1,4,1,stdthread,blocking,50000,300,100,512,512,64,1.950561,0.502733,0.000002,46.322823,576.558113,12.325287,8.193493,585.168362,1.000000,1,1,flat-comm=blocking-tm=stdthread-kernel=scalar-nl=512-npb=512-ef=64;quick
MPI-ANN,ivf,scalar,x86_or_cluster,4,1,4,1,stdthread,blocking,50000,300,100,512,64,64,0.558221,0.495333,5.333326,44.963598,158.765078,13.258219,8.190393,167.466402,1.015314,1,1,ivf-comm=blocking-tm=stdthread-kernel=scalar-nl=512-npb=64-ef=64;quick
MPI-ANN,multi-hnsw,simd,x86_or_cluster,2,1,2,1,stdthread,nonblocking,50000,300,100,512,64,32,0.385940,0.498967,9.114859,47.880888,108.679533,2.801180,6.656647,115.782022,1.000000,1,1,multi-hnsw-comm=nonblocking-tm=stdthread-kernel=simd-nl=512-npb=64-ef=32;quick
MPI-ANN,ivf-hnsw,simd,x86_or_cluster,2,1,2,1,stdthread,nonblocking,50000,300,100,512,16,32,0.617613,0.452267,4.619349,47.811985,178.302050,8.438110,6.747007,185.283899,1.000000,1,1,ivf-hnsw-comm=nonblocking-tm=stdthread-kernel=simd-nl=512-npb=16-ef=32;quick
MPI-ANN,ivf-hnsw,simd,x86_or_cluster,2,1,2,1,stdthread,nonblocking,50000,300,100,512,32,32,1.021530,0.480867,3.686200,47.153473,299.276352,7.217884,6.713867,306.458950,1.000000,1,1,ivf-hnsw-comm=nonblocking-tm=stdthread-kernel=simd-nl=512-npb=32-ef=32;quick
MPI-ANN,ivf-hnsw,simd,x86_or_cluster,2,1,2,1,stdthread,nonblocking,50000,300,100,512,64,32,1.730942,0.494833,3.757255,56.354046,511.912107,5.442142,6.780148,519.282579,1.000000,1,1,ivf-hnsw-comm=nonblocking-tm=stdthread-kernel=simd-nl=512-npb=64-ef=32;quick
MPI-ANN,multi-hnsw,simd,x86_or_cluster,2,1,2,1,stdthread,nonblocking,50000,300,100,512,64,64,0.332650,0.498967,7.788171,44.938803,92.520237,5.518198,6.759405,99.794865,1.000000,1,1,multi-hnsw-comm=nonblocking-tm=stdthread-kernel=simd-nl=512-npb=64-ef=64;quick
MPI-ANN,ivf-hnsw,simd,x86_or_cluster,2,1,2,1,stdthread,nonblocking,50000,300,100,512,16,64,0.602803,0.452267,3.794450,44.968843,173.839569,7.967710,6.779671,180.840969,1.000000,1,1,ivf-hnsw-comm=nonblocking-tm=stdthread-kernel=simd-nl=512-npb=16-ef=64;quick
MPI-ANN,ivf-hnsw,simd,x86_or_cluster,2,1,2,1,stdthread,nonblocking,50000,300,100,512,32,64,1.017441,0.480867,3.808279,55.418253,298.211336,9.807587,6.775141,305.232286,1.000000,1,1,ivf-hnsw-comm=nonblocking-tm=stdthread-kernel=simd-nl=512-npb=32-ef=64;quick
MPI-ANN,ivf-hnsw,simd,x86_or_cluster,2,1,2,1,stdthread,nonblocking,50000,300,100,512,64,64,1.782099,0.494833,3.656520,74.018478,527.664661,12.659550,6.792784,534.629822,1.000000,1,1,ivf-hnsw-comm=nonblocking-tm=stdthread-kernel=simd-nl=512-npb=64-ef=64;quick
MPI-ANN,multi-hnsw,simd,x86_or_cluster,2,1,2,1,stdthread,nonblocking,50000,300,100,512,64,128,0.423804,0.500133,8.085830,56.043625,120.157242,7.117510,6.801605,127.141237,1.000000,1,1,multi-hnsw-comm=nonblocking-tm=stdthread-kernel=simd-nl=512-npb=64-ef=128;quick
MPI-ANN,ivf-hnsw,simd,x86_or_cluster,2,1,2,1,stdthread,nonblocking,50000,300,100,512,16,128,0.606795,0.452300,3.712889,44.167757,175.224781,1.092196,6.645679,182.038546,1.000000,1,1,ivf-hnsw-comm=nonblocking-tm=stdthread-kernel=simd-nl=512-npb=16-ef=128;quick
MPI-ANN,ivf-hnsw,simd,x86_or_cluster,2,1,2,1,stdthread,nonblocking,50000,300,100,512,32,128,1.036523,0.480900,3.679219,44.960737,303.821087,0.725031,6.696224,310.956955,1.000000,1,1,ivf-hnsw-comm=nonblocking-tm=stdthread-kernel=simd-nl=512-npb=32-ef=128;quick
MPI-ANN,ivf-hnsw,simd,x86_or_cluster,2,1,2,1,stdthread,nonblocking,50000,300,100,512,64,128,1.795693,0.494867,3.788718,43.443680,531.359434,7.872581,6.770611,538.707972,1.000000,1,1,ivf-hnsw-comm=nonblocking-tm=stdthread-kernel=simd-nl=512-npb=64-ef=128;quick
MPI-ANN,multi-hnsw,simd,x86_or_cluster,4,1,4,1,stdthread,nonblocking,50000,300,100,512,64,32,0.309641,0.501500,3.629695,41.289806,84.129810,5.980492,8.129120,92.892408,1.000000,1,1,multi-hnsw-comm=nonblocking-tm=stdthread-kernel=simd-nl=512-npb=64-ef=32;quick
MPI-ANN,ivf-hnsw,simd,x86_or_cluster,4,1,4,1,stdthread,nonblocking,50000,300,100,512,16,32,0.339793,0.456167,2.703059,41.286707,93.148947,6.536961,8.167505,101.938009,1.000000,1,1,ivf-hnsw-comm=nonblocking-tm=stdthread-kernel=simd-nl=512-npb=16-ef=32;quick
MPI-ANN,ivf-hnsw,simd,x86_or_cluster,4,1,4,1,stdthread,nonblocking,50000,300,100,512,32,32,0.525800,0.482800,2.206231,38.163900,148.908138,4.486322,8.225441,157.740116,1.000000,1,1,ivf-hnsw-comm=nonblocking-tm=stdthread-kernel=simd-nl=512-npb=32-ef=32;quick
MPI-ANN,ivf-hnsw,simd,x86_or_cluster,4,1,4,1,stdthread,nonblocking,50000,300,100,512,64,32,0.993592,0.495333,2.228650,45.383692,289.492130,30.264139,8.259535,298.077583,1.000000,1,1,ivf-hnsw-comm=nonblocking-tm=stdthread-kernel=simd-nl=512-npb=64-ef=32;quick
MPI-ANN,multi-hnsw,simd,x86_or_cluster,4,1,4,1,stdthread,nonblocking,50000,300,100,512,64,64,0.313243,0.501500,3.619076,45.276403,84.696293,3.938437,8.256912,93.972921,1.000000,1,1,multi-hnsw-comm=nonblocking-tm=stdthread-kernel=simd-nl=512-npb=64-ef=64;quick
MPI-ANN,ivf-hnsw,simd,x86_or_cluster,4,1,4,1,stdthread,nonblocking,50000,300,100,512,16,64,0.339815,0.456167,2.219006,35.662174,92.211723,5.177975,8.707523,101.944447,1.000000,1,1,ivf-hnsw-comm=nonblocking-tm=stdthread-kernel=simd-nl=512-npb=16-ef=64;quick
MPI-ANN,ivf-hnsw,simd,x86_or_cluster,4,1,4,1,stdthread,nonblocking,50000,300,100,512,32,64,0.543536,0.482800,2.220110,39.306641,154.006004,13.532400,8.187056,163.060665,1.000000,1,1,ivf-hnsw-comm=nonblocking-tm=stdthread-kernel=simd-nl=512-npb=32-ef=64;quick
MPI-ANN,ivf-hnsw,simd,x86_or_cluster,4,1,4,1,stdthread,nonblocking,50000,300,100,512,64,64,0.926207,0.495333,2.202841,44.668436,269.284725,13.575077,8.227587,277.862072,1.000000,1,1,ivf-hnsw-comm=nonblocking-tm=stdthread-kernel=simd-nl=512-npb=64-ef=64;quick
MPI-ANN,multi-hnsw,simd,x86_or_cluster,4,1,4,1,stdthread,nonblocking,50000,300,100,512,64,128,0.360972,0.502000,3.622663,43.936729,98.988533,2.301216,8.270741,108.291626,1.000000,1,1,multi-hnsw-comm=nonblocking-tm=stdthread-kernel=simd-nl=512-npb=64-ef=128;quick
MPI-ANN,ivf-hnsw,simd,x86_or_cluster,4,1,4,1,stdthread,nonblocking,50000,300,100,512,16,128,0.337236,0.456167,2.218941,43.559313,91.935396,6.150484,8.266449,101.170778,1.000000,1,1,ivf-hnsw-comm=nonblocking-tm=stdthread-kernel=simd-nl=512-npb=16-ef=128;quick
MPI-ANN,ivf-hnsw,simd,x86_or_cluster,4,1,4,1,stdthread,nonblocking,50000,300,100,512,32,128,0.548724,0.482800,2.225655,43.795824,155.441761,7.638454,8.250952,164.617062,1.000000,1,1,ivf-hnsw-comm=nonblocking-tm=stdthread-kernel=simd-nl=512-npb=32-ef=128;quick
MPI-ANN,ivf-hnsw,simd,x86_or_cluster,4,1,4,1,stdthread,nonblocking,50000,300,100,512,64,128,0.941922,0.495333,2.227426,38.796902,273.378134,14.172792,8.244038,282.576561,1.000000,1,1,ivf-hnsw-comm=nonblocking-tm=stdthread-kernel=simd-nl=512-npb=64-ef=128;quick
MPI-ANN,multi-hnsw,simd,x86_or_cluster,8,1,8,1,stdthread,nonblocking,50000,300,100,512,64,32,0.313187,0.502500,1.658007,38.669586,82.051754,13.309479,9.968758,93.955994,1.000000,1,1,multi-hnsw-comm=nonblocking-tm=stdthread-kernel=simd-nl=512-npb=64-ef=32;quick
MPI-ANN,ivf-hnsw,simd,x86_or_cluster,8,1,8,1,stdthread,nonblocking,50000,300,100,512,16,32,0.529188,0.460633,3.280188,38.301468,113.634586,69.109678,42.559862,158.756495,1.000000,1,1,ivf-hnsw-comm=nonblocking-tm=stdthread-kernel=simd-nl=512-npb=16-ef=32;quick
MPI-ANN,ivf-hnsw,simd,x86_or_cluster,8,1,8,1,stdthread,nonblocking,50000,300,100,512,32,32,0.337488,0.485767,1.701067,35.330534,89.247465,13.123274,10.432959,101.246357,1.000000,1,1,ivf-hnsw-comm=nonblocking-tm=stdthread-kernel=simd-nl=512-npb=32-ef=32;quick
MPI-ANN,ivf-hnsw,simd,x86_or_cluster,8,1,8,1,stdthread,nonblocking,50000,300,100,512,64,32,0.646080,0.497767,1.658255,49.700260,181.941271,60.093403,10.437965,193.824053,1.000000,1,1,ivf-hnsw-comm=nonblocking-tm=stdthread-kernel=simd-nl=512-npb=64-ef=32;quick
MPI-ANN,multi-hnsw,simd,x86_or_cluster,8,1,8,1,stdthread,nonblocking,50000,300,100,512,64,64,0.294215,0.502500,1.633573,34.663200,76.480865,7.054806,10.074854,88.264465,1.000000,1,1,multi-hnsw-comm=nonblocking-tm=stdthread-kernel=simd-nl=512-npb=64-ef=64;quick
MPI-ANN,ivf-hnsw,simd,x86_or_cluster,8,1,8,1,stdthread,nonblocking,50000,300,100,512,16,64,0.207919,0.460633,1.657981,38.656235,50.987482,7.903814,10.215521,62.375784,1.000000,1,1,ivf-hnsw-comm=nonblocking-tm=stdthread-kernel=simd-nl=512-npb=16-ef=64;quick
MPI-ANN,ivf-hnsw,simd,x86_or_cluster,8,1,8,1,stdthread,nonblocking,50000,300,100,512,32,64,0.312160,0.485767,1.667669,52.020788,81.958771,10.848045,10.048628,93.647957,1.000000,1,1,ivf-hnsw-comm=nonblocking-tm=stdthread-kernel=simd-nl=512-npb=32-ef=64;quick
MPI-ANN,ivf-hnsw,simd,x86_or_cluster,8,1,8,1,stdthread,nonblocking,50000,300,100,512,64,64,0.503326,0.497767,1.664989,36.215305,139.754295,14.220238,10.675192,150.997877,1.000000,1,1,ivf-hnsw-comm=nonblocking-tm=stdthread-kernel=simd-nl=512-npb=64-ef=64;quick
MPI-ANN,multi-hnsw,simd,x86_or_cluster,8,1,8,1,stdthread,nonblocking,50000,300,100,512,64,128,0.385756,0.502633,1.715625,47.724009,103.469133,15.402794,10.188341,115.726709,1.000000,1,1,multi-hnsw-comm=nonblocking-tm=stdthread-kernel=simd-nl=512-npb=64-ef=128;quick
MPI-ANN,ivf-hnsw,simd,x86_or_cluster,8,1,8,1,stdthread,nonblocking,50000,300,100,512,16,128,0.207084,0.460633,1.659129,59.172630,50.635576,7.259607,10.126114,62.125206,1.000000,1,1,ivf-hnsw-comm=nonblocking-tm=stdthread-kernel=simd-nl=512-npb=16-ef=128;quick
MPI-ANN,ivf-hnsw,simd,x86_or_cluster,8,1,8,1,stdthread,nonblocking,50000,300,100,512,32,128,0.320400,0.485767,2.631464,69.309473,84.092140,13.546705,10.385990,96.119881,1.000000,1,1,ivf-hnsw-comm=nonblocking-tm=stdthread-kernel=simd-nl=512-npb=32-ef=128;quick
MPI-ANN,ivf-hnsw,simd,x86_or_cluster,8,1,8,1,stdthread,nonblocking,50000,300,100,512,64,128,0.520797,0.497767,1.645530,52.484989,143.465042,24.231911,10.910273,156.239033,1.000000,1,1,ivf-hnsw-comm=nonblocking-tm=stdthread-kernel=simd-nl=512-npb=64-ef=128;quick
