experiment,method,device,nbase,nq,dim,k,batch,nlist,nprobe,iters,repeat,build_ms,candidate_ms,compute_ms,topk_ms,total_ms,latency_ms,recall@100,avg_candidates,scored_pairs,waste_ratio,notes
GPU-ANN,cuda_flat_tiled,NVIDIA GeForce RTX 4060 Laptop GPU,100000,1000,96,100,16,256,32,3,3,0.000000,0.000000,60.783744,135.654100,239.174800,0.239175,1.000000,100000.000000,100000000.000000,1.000000,full
GPU-ANN,cuda_flat_cublas,NVIDIA GeForce RTX 4060 Laptop GPU,100000,1000,96,100,16,256,32,3,3,0.000000,0.000000,13.126528,135.935800,189.964400,0.189964,1.000000,100000.000000,100000000.000000,1.000000,full
GPU-ANN,cuda_flat_tiled,NVIDIA GeForce RTX 4060 Laptop GPU,100000,1000,96,100,32,256,32,3,3,0.000000,0.000000,59.988160,134.322700,232.258100,0.232258,1.000000,100000.000000,100000000.000000,1.000000,full
GPU-ANN,cuda_flat_cublas,NVIDIA GeForce RTX 4060 Laptop GPU,100000,1000,96,100,32,256,32,3,3,0.000000,0.000000,7.736544,139.663100,185.678300,0.185678,1.000000,100000.000000,100000000.000000,1.000000,full
GPU-ANN,cuda_flat_tiled,NVIDIA GeForce RTX 4060 Laptop GPU,100000,1000,96,100,64,256,32,3,3,0.000000,0.000000,60.511264,165.286700,263.007800,0.263008,1.000000,100000.000000,100000000.000000,1.000000,full
GPU-ANN,cuda_flat_cublas,NVIDIA GeForce RTX 4060 Laptop GPU,100000,1000,96,100,64,256,32,3,3,0.000000,0.000000,30.591616,137.624500,202.700600,0.202701,1.000000,100000.000000,100000000.000000,1.000000,full
GPU-ANN,cuda_flat_tiled,NVIDIA GeForce RTX 4060 Laptop GPU,100000,1000,96,100,128,256,32,3,3,0.000000,0.000000,59.681791,141.589300,237.237900,0.237238,1.000000,100000.000000,100000000.000000,1.000000,full
GPU-ANN,cuda_flat_cublas,NVIDIA GeForce RTX 4060 Laptop GPU,100000,1000,96,100,128,256,32,3,3,0.000000,0.000000,3.667040,138.798800,177.756900,0.177757,1.000000,100000.000000,100000000.000000,1.000000,full
GPU-ANN,cuda_flat_tiled,NVIDIA GeForce RTX 4060 Laptop GPU,100000,1000,96,100,256,256,32,3,3,0.000000,0.000000,60.182081,146.643700,239.439900,0.239440,1.000000,100000.000000,100000000.000000,1.000000,full
GPU-ANN,cuda_flat_cublas,NVIDIA GeForce RTX 4060 Laptop GPU,100000,1000,96,100,256,256,32,3,3,0.000000,0.000000,3.412512,147.096100,184.976100,0.184976,1.000000,100000.000000,100000000.000000,1.000000,full
GPU-ANN,cuda_flat_naive,NVIDIA GeForce RTX 4060 Laptop GPU,100000,1000,96,100,32,256,32,3,3,0.000000,0.000000,190.966560,180.422900,414.262400,0.414262,1.000000,100000.000000,100000000.000000,1.000000,full
GPU-ANN,cuda_flat_naive,NVIDIA GeForce RTX 4060 Laptop GPU,100000,1000,96,100,128,256,32,3,3,0.000000,0.000000,234.021889,195.404700,468.012800,0.468013,1.000000,100000.000000,100000000.000000,1.000000,full
GPU-ANN,cpu_flat,NVIDIA GeForce RTX 4060 Laptop GPU,100000,100,96,100,1,256,32,3,1,0.000000,0.000000,312.206100,19.330400,331.536500,3.315365,1.000000,100000.000000,10000000.000000,1.000000,full
GPU-ANN,cuda_ivf,NVIDIA GeForce RTX 4060 Laptop GPU,100000,1000,96,100,128,256,12,3,3,1574.867800,24.358700,16.085120,29.515500,94.047200,0.094047,0.910480,6910.972000,13059680.000000,1.889702,full
GPU-ANN,cuda_ivf,NVIDIA GeForce RTX 4060 Laptop GPU,100000,1000,96,100,128,256,16,3,3,1591.158300,30.395800,20.867584,30.938600,112.675500,0.112675,0.935750,8829.307000,15393000.000000,1.743398,full
GPU-ANN,cuda_ivf,NVIDIA GeForce RTX 4060 Laptop GPU,100000,1000,96,100,128,256,18,3,3,1654.383800,32.614500,22.199072,32.126500,117.853000,0.117853,0.943930,9722.823000,16328936.000000,1.679444,full
GPU-ANN,cuda_ivf,NVIDIA GeForce RTX 4060 Laptop GPU,100000,1000,96,100,128,256,20,3,3,1847.128100,34.586500,24.729504,31.726600,126.991700,0.126992,0.951020,10613.428000,17303384.000000,1.630329,full
GPU-ANN,cuda_ivf,NVIDIA GeForce RTX 4060 Laptop GPU,100000,1000,96,100,128,256,22,3,3,1751.525200,39.647000,26.264704,35.752600,137.317900,0.137318,0.956850,11522.933000,18407784.000000,1.597491,full
GPU-ANN,cuda_ivf,NVIDIA GeForce RTX 4060 Laptop GPU,100000,1000,96,100,128,256,24,3,3,2047.531700,41.046600,28.709568,38.796300,148.394100,0.148394,0.961410,12384.093000,19320048.000000,1.560070,full
GPU-ANN,cuda_ivf,NVIDIA GeForce RTX 4060 Laptop GPU,100000,1000,96,100,128,256,32,3,3,1856.015600,48.604300,35.823584,36.618200,163.107000,0.163107,0.974750,15808.168000,23081336.000000,1.460089,full
GPU-ANN,cuda_ivf,NVIDIA GeForce RTX 4060 Laptop GPU,100000,1000,96,100,128,256,48,3,3,1496.461900,72.836800,50.497952,58.236300,246.789100,0.246789,0.987200,22379.497000,31477872.000000,1.406550,full
GPU-ANN,cuda_ivf,NVIDIA GeForce RTX 4060 Laptop GPU,100000,1000,96,100,128,256,64,3,3,1592.903800,71.485000,64.548992,52.855900,259.839400,0.259839,0.992700,28632.931000,38314528.000000,1.338128,full
GPU-ANN,cuda_ivf,NVIDIA GeForce RTX 4060 Laptop GPU,100000,1000,96,100,128,256,96,3,3,1714.812300,119.966100,92.374784,84.046100,414.664000,0.414664,0.997280,41113.907000,52566232.000000,1.278551,full
GPU-ANN,cuda_ivf,NVIDIA GeForce RTX 4060 Laptop GPU,100000,1000,96,100,128,256,128,3,3,1980.264700,147.048300,120.262337,113.768600,532.683400,0.532683,0.998940,53610.657000,65900384.000000,1.229240,full
GPU-ANN,cuda_ivf,NVIDIA GeForce RTX 4060 Laptop GPU,100000,1000,96,100,32,256,22,3,3,2361.058600,35.331700,27.842656,32.577400,131.200600,0.131201,0.956850,11522.933000,17467320.000000,1.515874,full
GPU-ANN,cuda_ivf,NVIDIA GeForce RTX 4060 Laptop GPU,100000,1000,96,100,64,256,22,3,3,2124.850900,36.036700,27.352064,30.685100,130.064800,0.130065,0.956850,11522.933000,17976424.000000,1.560056,full
GPU-ANN,cuda_ivf,NVIDIA GeForce RTX 4060 Laptop GPU,100000,1000,96,100,128,256,22,3,3,2093.945100,36.028200,26.256768,32.541400,129.050700,0.129051,0.956850,11522.933000,18407784.000000,1.597491,full
GPU-ANN,cuda_ivf,NVIDIA GeForce RTX 4060 Laptop GPU,100000,1000,96,100,256,256,22,3,3,1757.568200,43.354600,26.606848,37.625700,147.247800,0.147248,0.956850,11522.933000,18728040.000000,1.625284,full
GPU-ANN,cuda_ivf_cluster,NVIDIA GeForce RTX 4060 Laptop GPU,100000,300,96,100,128,256,16,3,1,2379.758900,2.043600,76.330080,11.747900,143.588000,0.478627,0.929400,8627.273333,29306672.000000,11.323266,full
GPU-ANN,cuda_ivf_cluster,NVIDIA GeForce RTX 4060 Laptop GPU,100000,300,96,100,128,256,22,3,1,1622.312700,2.202400,79.058912,11.868100,154.051700,0.513506,0.951300,11268.046667,29690560.000000,8.783114,full
GPU-ANN,cuda_ivf_cluster,NVIDIA GeForce RTX 4060 Laptop GPU,100000,300,96,100,128,256,32,3,1,1918.279500,2.522800,80.814176,22.274100,204.072800,0.680243,0.970800,15476.460000,29835132.000000,6.425917,full
GPU-ANN,cuda_ivf_cluster_grouped,NVIDIA GeForce RTX 4060 Laptop GPU,100000,300,96,100,128,256,16,3,1,2013.066800,2.360800,77.104000,11.167200,147.115800,0.490386,0.929400,8627.273333,29405724.000000,11.361536,full
GPU-ANN,cuda_ivf_cluster_grouped,NVIDIA GeForce RTX 4060 Laptop GPU,100000,300,96,100,128,256,22,3,1,1931.847900,3.269800,79.035872,12.459200,152.665900,0.508886,0.951300,11268.046667,29698368.000000,8.785423,full
GPU-ANN,cuda_ivf_cluster_grouped,NVIDIA GeForce RTX 4060 Laptop GPU,100000,300,96,100,128,256,32,3,1,1640.383900,2.350700,78.545920,13.443900,156.386700,0.521289,0.970800,15476.460000,29890896.000000,6.437927,full
GPU-ANN,cuda_ivf,NVIDIA GeForce RTX 4060 Laptop GPU,100000,1000,96,100,128,256,22,3,5,1798.121000,41.817000,26.235424,40.968100,145.194100,0.145194,0.956850,11522.933000,18407784.000000,1.597491,full
GPU-ANN,cuda_ivf,NVIDIA GeForce RTX 4060 Laptop GPU,100000,1000,96,100,32,256,20,3,3,1601.100100,31.751800,26.114784,30.479900,122.166900,0.122167,0.951020,10613.428000,16527912.000000,1.557264,full
GPU-ANN,cuda_ivf,NVIDIA GeForce RTX 4060 Laptop GPU,100000,1000,96,100,64,256,20,3,3,1581.375000,35.558200,24.706336,33.843100,127.795700,0.127796,0.951020,10613.428000,17059480.000000,1.607349,full
GPU-ANN,cuda_ivf,NVIDIA GeForce RTX 4060 Laptop GPU,100000,1000,96,100,128,256,20,3,3,2215.995900,39.648300,24.639168,39.106400,142.946600,0.142947,0.951020,10613.428000,17303384.000000,1.630329,full
GPU-ANN,cuda_ivf,NVIDIA GeForce RTX 4060 Laptop GPU,100000,1000,96,100,256,256,20,3,3,2176.108300,37.667200,24.524384,36.479100,134.246500,0.134246,0.951020,10613.428000,17732952.000000,1.670803,full
GPU-ANN,cuda_ivf,NVIDIA GeForce RTX 4060 Laptop GPU,100000,1000,96,100,128,256,20,3,5,2072.873200,38.574200,24.274688,31.850800,128.151500,0.128151,0.951020,10613.428000,17303384.000000,1.630329,full
GPU-ANN,cuda_ivf,NVIDIA GeForce RTX 4060 Laptop GPU,100000,1000,96,100,32,256,20,3,5,2055.511600,31.109000,25.823968,29.677400,120.147600,0.120148,0.951020,10613.428000,16527912.000000,1.557264,full
